-- MySQL dump 10.13  Distrib 8.0.40, for Linux (x86_64)
--
-- Host: 127.0.0.1    Database: quincaillerie_sekkar
-- ------------------------------------------------------
-- Server version	8.0.40

/*!40101 SET @OLD_CHARACTER_SET_CLIENT=@@CHARACTER_SET_CLIENT */;
/*!40101 SET @OLD_CHARACTER_SET_RESULTS=@@CHARACTER_SET_RESULTS */;
/*!40101 SET @OLD_COLLATION_CONNECTION=@@COLLATION_CONNECTION */;
/*!50503 SET NAMES utf8mb4 */;
/*!40103 SET @OLD_TIME_ZONE=@@TIME_ZONE */;
/*!40103 SET TIME_ZONE='+00:00' */;
/*!40014 SET @OLD_UNIQUE_CHECKS=@@UNIQUE_CHECKS, UNIQUE_CHECKS=0 */;
/*!40014 SET @OLD_FOREIGN_KEY_CHECKS=@@FOREIGN_KEY_CHECKS, FOREIGN_KEY_CHECKS=0 */;
/*!40101 SET @OLD_SQL_MODE=@@SQL_MODE, SQL_MODE='NO_AUTO_VALUE_ON_ZERO' */;
/*!40111 SET @OLD_SQL_NOTES=@@SQL_NOTES, SQL_NOTES=0 */;

--
-- Table structure for table `categories`
--

DROP TABLE IF EXISTS `categories`;
/*!40101 SET @saved_cs_client     = @@character_set_client */;
/*!50503 SET character_set_client = utf8mb4 */;
CREATE TABLE `categories` (
  `id` int NOT NULL AUTO_INCREMENT,
  `name` varchar(100) NOT NULL,
  PRIMARY KEY (`id`)
) ENGINE=InnoDB AUTO_INCREMENT=19 DEFAULT CHARSET=utf8mb4 COLLATE=utf8mb4_0900_ai_ci;
/*!40101 SET character_set_client = @saved_cs_client */;

--
-- Dumping data for table `categories`
--

LOCK TABLES `categories` WRITE;
/*!40000 ALTER TABLE `categories` DISABLE KEYS */;
INSERT INTO `categories` VALUES (2,'الأدوات الكهربائية'),(8,'الأدوات اليدوية'),(9,'معدات التثبيت'),(10,'مستلزمات السباكة'),(14,'معدات التخزين'),(15,'معدات منزلية'),(16,'معدات وأدوات تركيب الغاز الطبيعي'),(17,'Pvc');
/*!40000 ALTER TABLE `categories` ENABLE KEYS */;
UNLOCK TABLES;

--
-- Table structure for table `notification`
--

DROP TABLE IF EXISTS `notification`;
/*!40101 SET @saved_cs_client     = @@character_set_client */;
/*!50503 SET character_set_client = utf8mb4 */;
CREATE TABLE `notification` (
  `notification_id` int NOT NULL AUTO_INCREMENT,
  `content` varchar(255) DEFAULT NULL,
  `notification_status` varchar(255) DEFAULT NULL,
  `time` timestamp NULL DEFAULT CURRENT_TIMESTAMP,
  `user_id` int DEFAULT NULL,
  PRIMARY KEY (`notification_id`),
  KEY `idx_notification_user_id` (`user_id`),
  KEY `idx_notification_time` (`time`),
  KEY `idx_notification_status` (`notification_status`),
  CONSTRAINT `notification_ibfk_1` FOREIGN KEY (`user_id`) REFERENCES `users` (`id`)
) ENGINE=InnoDB AUTO_INCREMENT=41 DEFAULT CHARSET=utf8mb4 COLLATE=utf8mb4_0900_ai_ci;
/*!40101 SET character_set_client = @saved_cs_client */;

--
-- Dumping data for table `notification`
--

LOCK TABLES `notification` WRITE;
/*!40000 ALTER TABLE `notification` DISABLE KEYS */;
INSERT INTO `notification` VALUES (3,'Nouvelle commande #65 de eren luffy2','read','2025-08-05 02:15:00',4),(4,'Nouvelle commande #66 de eren luffy2','read','2025-08-05 02:15:47',4),(5,'Nouvelle commande #67 de eren luffy2','read','2025-08-05 02:17:17',4),(6,'Nouvelle commande #68 de eren luffy2','read','2025-08-05 02:18:05',4),(7,'Nouvelle commande #69 de SELMOUNE Meriem','read','2025-08-05 09:15:41',4),(8,'Nouvelle commande #70 de mer sel','read','2025-08-05 09:41:26',4),(9,'طلب جديد #71 من mer sel','read','2025-08-05 12:05:52',4),(10,'طلب جديد #72 من mer sel','read','2025-08-05 12:20:28',4),(11,'طلب جديد #73 من mer sel','read','2025-08-05 12:23:22',4),(12,'طلب جديد #74 من eren luffy','read','2025-08-05 12:40:21',4),(13,'طلب جديد #75 من mer sel','read','2025-08-05 13:27:50',4),(14,'طلب جديد #76 من nom prenom','read','2025-08-07 21:52:35',4),(15,'طلب جديد #77 من eren luffy','read','2025-08-10 04:04:41',4),(16,'طلب جديد #78 من eren luffy','read','2025-08-10 14:54:51',4),(17,'طلب جديد #79 من VZDFSSDSDS','read','2025-08-11 03:43:38',4),(18,'طلب جديد #80 من mer sel','read','2025-08-11 08:27:46',4),(19,'طلب جديد #81 من mer sel','read','2025-08-11 09:14:02',4),(20,'طلب جديد #82 من mer sel','read','2025-08-11 15:14:32',4),(21,'طلب جديد #83 من mer sel','read','2025-08-11 22:00:02',4),(22,'طلب جديد #84 من VZDFSSDSDS','read','2025-08-11 23:50:13',4),(23,'طلب جديد #85 من mer sel','read','2025-08-12 12:44:22',4),(24,'طلب جديد #86 من mer sel','read','2025-08-12 13:26:27',4),(25,'طلب جديد #87 من mer sel','read','2025-08-12 13:28:37',4),(26,'طلب جديد #88 من mer sel','read','2025-08-12 13:31:46',4),(27,'طلب جديد #89 من mer sel','read','2025-08-12 13:36:57',4),(28,'طلب جديد #90 من mer sel','read','2025-08-12 13:41:35',4),(29,'طلب جديد #91 من mer sel','read','2025-08-12 13:42:30',4),(30,'طلب جديد #92 من mer sel','read','2025-08-12 13:52:25',4),(31,'طلب جديد #93 من mer sel','read','2025-08-13 12:49:34',4),(32,'طلب جديد #94 من yacine kadri','read','2025-08-13 17:50:51',4),(33,'طلب جديد #95 من yacine kadri','read','2025-08-13 17:53:14',4),(34,'طلب جديد #96 من mer sel','read','2025-08-13 17:59:06',4),(35,'طلب جديد #97 من yacine kadri','read','2025-08-13 17:59:24',4),(36,'طلب جديد #98 من mer sel','read','2025-08-13 17:59:51',4),(37,'طلب جديد #99 من mer sel','read','2025-08-14 11:47:34',4),(38,'طلب جديد #100 من mer sel','read','2025-08-14 11:49:29',4),(39,'طلب جديد #101 من Salah sekkar','read','2025-08-15 15:24:31',4),(40,'طلب جديد #102 من Selmoune meriem','read','2025-08-15 19:47:33',4);
/*!40000 ALTER TABLE `notification` ENABLE KEYS */;
UNLOCK TABLES;

--
-- Table structure for table `order_items`
--

DROP TABLE IF EXISTS `order_items`;
/*!40101 SET @saved_cs_client     = @@character_set_client */;
/*!50503 SET character_set_client = utf8mb4 */;
CREATE TABLE `order_items` (
  `id` int NOT NULL AUTO_INCREMENT,
  `order_id` int DEFAULT NULL,
  `product_id` int DEFAULT NULL,
  `variant_id` int DEFAULT NULL,
  `quantity` int DEFAULT NULL,
  `measure_quantity` decimal(10,2) DEFAULT NULL,
  `measure_unit` varchar(50) DEFAULT NULL,
  `unit_price` decimal(10,2) DEFAULT NULL,
  PRIMARY KEY (`id`),
  KEY `order_id` (`order_id`),
  KEY `product_id` (`product_id`),
  KEY `idx_order_items_variant_id` (`variant_id`),
  CONSTRAINT `order_items_ibfk_1` FOREIGN KEY (`order_id`) REFERENCES `orders` (`id`) ON DELETE CASCADE ON UPDATE CASCADE,
  CONSTRAINT `order_items_ibfk_2` FOREIGN KEY (`product_id`) REFERENCES `products` (`id`) ON DELETE RESTRICT ON UPDATE CASCADE,
  CONSTRAINT `order_items_ibfk_3` FOREIGN KEY (`variant_id`) REFERENCES `product_variants` (`id`) ON DELETE RESTRICT ON UPDATE CASCADE
) ENGINE=InnoDB AUTO_INCREMENT=143 DEFAULT CHARSET=utf8mb4 COLLATE=utf8mb4_0900_ai_ci;
/*!40101 SET character_set_client = @saved_cs_client */;

--
-- Dumping data for table `order_items`
--

LOCK TABLES `order_items` WRITE;
/*!40000 ALTER TABLE `order_items` DISABLE KEYS */;
INSERT INTO `order_items` VALUES (88,61,62,NULL,2,NULL,NULL,498.00),(89,62,61,NULL,1,NULL,NULL,10000.00),(90,63,63,NULL,1,NULL,NULL,11000.00),(91,64,61,NULL,1,NULL,NULL,10000.00),(92,65,63,NULL,1,NULL,NULL,11000.00),(93,66,63,NULL,1,NULL,NULL,11000.00),(94,67,61,NULL,1,NULL,NULL,10000.00),(95,68,61,NULL,1,NULL,NULL,10000.00),(96,69,61,NULL,1,NULL,NULL,10000.00),(97,70,65,NULL,2,NULL,NULL,547.00),(99,72,61,NULL,1,NULL,NULL,10000.00),(100,73,62,NULL,1,NULL,NULL,500.00),(101,74,61,NULL,1,NULL,NULL,10000.00),(102,75,61,NULL,1,NULL,NULL,10000.00),(103,76,61,NULL,3,NULL,NULL,8950.00),(114,80,61,3,2,NULL,NULL,8000.00),(115,81,62,NULL,2,NULL,NULL,448.00),(116,82,62,24,2,NULL,NULL,250.00),(117,82,65,NULL,2,NULL,NULL,497.00),(118,82,62,23,2,NULL,NULL,420.00),(119,83,61,3,3,NULL,NULL,45.00),(120,83,73,NULL,6,NULL,NULL,5000.00),(121,83,61,26,2,NULL,NULL,9000.00),(123,85,61,26,2,NULL,NULL,9500.00),(124,86,73,NULL,1,NULL,NULL,5000.00),(125,87,77,NULL,1,NULL,NULL,500.00),(126,88,75,NULL,1,NULL,NULL,700.00),(127,89,74,NULL,1,NULL,NULL,300.00),(128,90,71,NULL,1,NULL,NULL,2500.00),(129,91,77,NULL,1,NULL,NULL,500.00),(130,92,71,NULL,1,NULL,NULL,2500.00),(131,93,61,26,1,NULL,NULL,9500.00),(132,94,79,NULL,100,NULL,NULL,400.00),(133,94,80,NULL,2,NULL,NULL,820.00),(134,95,79,NULL,40,NULL,NULL,400.00),(135,96,80,NULL,2,NULL,NULL,820.00),(136,97,78,31,2,NULL,NULL,350.00),(137,98,80,NULL,1,NULL,NULL,850.00),(138,99,85,35,3,NULL,NULL,350.00),(139,100,80,NULL,1,NULL,NULL,850.00),(140,101,71,NULL,1,NULL,NULL,2500.00),(141,101,76,NULL,1,NULL,NULL,1500.00),(142,102,79,NULL,2,NULL,NULL,400.00);
/*!40000 ALTER TABLE `order_items` ENABLE KEYS */;
UNLOCK TABLES;

--
-- Table structure for table `orders`
--

DROP TABLE IF EXISTS `orders`;
/*!40101 SET @saved_cs_client     = @@character_set_client */;
/*!50503 SET character_set_client = utf8mb4 */;
CREATE TABLE `orders` (
  `id` int NOT NULL AUTO_INCREMENT,
  `total_price` decimal(10,2) DEFAULT NULL,
  `status` varchar(50) DEFAULT 'en attente',
  `created_at` timestamp NULL DEFAULT CURRENT_TIMESTAMP,
  `full_name` varchar(100) DEFAULT NULL,
  `email` varchar(100) DEFAULT NULL,
  `phone` varchar(20) DEFAULT NULL,
  `wilaya` varchar(100) DEFAULT NULL,
  `address` text,
  `delivery_location` enum('home','office') NOT NULL DEFAULT 'home',
  `notes` text,
  PRIMARY KEY (`id`)
) ENGINE=InnoDB AUTO_INCREMENT=103 DEFAULT CHARSET=utf8mb4 COLLATE=utf8mb4_0900_ai_ci;
/*!40101 SET character_set_client = @saved_cs_client */;

--
-- Dumping data for table `orders`
--

LOCK TABLES `orders` WRITE;
/*!40000 ALTER TABLE `orders` DISABLE KEYS */;
INSERT INTO `orders` VALUES (61,1296.00,'مؤكد','2025-08-04 15:38:05','SELMOUNE Meriem','meriemselmoune945@gmail.com','0784196102','الجزائر','AAAAAAAAAAAAA','home',NULL),(62,13500.00,'في الانتظار','2025-08-05 02:03:34','eren luffy','eqweqweqer6@gmail.com','0556998265','أدرار','ALgeria\nB4','home','weweqqweeqw'),(63,14500.00,'في الانتظار','2025-08-05 02:07:30','eren luffy2','setwertr77@gmail.com','0556998298','أدرار','ALgeria\nB4','home',NULL),(64,13500.00,'في الانتظار','2025-08-05 02:09:35','eren luffy2','setwertr77@gmail.com','0556998298','أدرار','ALgeria\nB4','home',NULL),(65,11000.00,'في الانتظار','2025-08-05 02:15:00','eren luffy2','setwertr77@gmail.com','0556998298','أم البواقي','ALgeria\nB4','home',NULL),(66,11000.00,'في الانتظار','2025-08-05 02:15:47','eren luffy2','setwertr77@gmail.com','0556998298','الأغواط','ALgeria\nB4','home','weweqqweeqw'),(67,10000.00,'في الانتظار','2025-08-05 02:17:17','eren luffy2','setwertr77@gmail.com','0556998298','الشلف','ALgeria\nB4','home',NULL),(68,10000.00,'في الانتظار','2025-08-05 02:18:05','eren luffy2','setwertr77@gmail.com','0556998298','الأغواط','ALgeria\nB4','home','weweqqweeqw'),(69,10300.00,'في الانتظار','2025-08-05 09:15:41','SELMOUNE Meriem','meriemselmoune945@gmail.com','0784196102','الجزائر','AAAAAAAAAAAAA','home','nothing'),(70,1394.00,'في الانتظار','2025-08-05 09:41:26','mer sel','meriemselmoune945@gmail.com','0784196102','الجزائر','AAAAAAAAAAAAA','home',NULL),(72,10300.00,'ملغى','2025-08-05 12:20:28','mer sel','meriemselmoune945@gmail.com','0784196102','الجزائر','AAAAAAAAAAAAA','home',NULL),(73,500.00,'ملغى','2025-08-05 12:23:22','mer sel','meriemselmoune945@gmail.com','0784196102','بسكرة','AAAAAAAAAAAAA','home',NULL),(74,13500.00,'مؤكد','2025-08-05 12:40:21','eren luffy','eqweqweqer6@gmail.com','0556998265','أدرار','ALgeria\nB4','home','weweqqweeqw'),(75,10500.00,'في الانتظار','2025-08-05 13:27:50','mer sel','meriemselmoune945@gmail.com','0784196102','تيزي وزو','AAAAAAAAAAAAA','home',NULL),(76,27150.00,'مؤكد','2025-08-07 21:52:35','nom prenom','example@gmail.com','0784196102','الجزائر','AAAAAAAAAAAAA','home','add a note'),(80,16500.00,'في الانتظار','2025-08-11 08:27:46','mer sel','meriemselmoune945@gmail.com','0784196102','تيزي وزو','AAAAAAAAAAAAA','home',NULL),(81,1396.00,'في الانتظار','2025-08-11 09:14:02','mer sel','meriemselmoune945@gmail.com','0784196102','تيزي وزو','AAAAAAAAAAAAA','home',NULL),(82,4334.00,'في الانتظار','2025-08-11 15:14:31','mer sel','meriemselmoune945@gmail.com','0784196102','أم البواقي','AAAAAAAAAAAAA','home',NULL),(83,48835.00,'في الانتظار','2025-08-11 22:00:02','mer sel','meriemselmoune945@gmail.com','0784196102','الأغواط','AAAAAAAAAAAAA','home',NULL),(85,21500.00,'في الانتظار','2025-08-12 12:44:22','mer sel','meriemselmoune945@gmail.com','0784196102','الشلف','AAAAAAAAAAAAA','home',NULL),(86,5000.00,'في الانتظار','2025-08-12 13:26:27','mer sel','meriemselmoune945@gmail.com','0784196102','باتنة','AAAAAAAAAAAAA','home',NULL),(87,3000.00,'في الانتظار','2025-08-12 13:28:37','mer sel','meriemselmoune945@gmail.com','0444444444','الشلف','AAAAAAAAAAAAA','home',NULL),(88,700.00,'في الانتظار','2025-08-12 13:31:46','mer sel','meriemselmoune945@gmail.com','0444444444','بجاية','AAAAAAAAAAAAA','home',NULL),(89,300.00,'في الانتظار','2025-08-12 13:36:57','mer sel','meriemselmoune945@gmail.com','0784196102','بجاية','AAAAAAAAAAAAA','home',NULL),(90,5700.00,'في الانتظار','2025-08-12 13:41:35','mer sel','meriemselmoune945@gmail.com','0784196102','الأغواط','AAAAAAAAAAAAA','home',NULL),(91,500.00,'في الانتظار','2025-08-12 13:42:30','mer sel','meriemselmoune945@gmail.com','0784196102','بجاية','AAAAAAAAAAAAA','home',NULL),(92,2500.00,'في الانتظار','2025-08-12 13:52:25','mer sel','meriemselmoune945@gmail.com','0784196102','باتنة','AAAAAAAAAAAAA','home',NULL),(93,10000.00,'في الانتظار','2025-08-13 12:49:34','mer sel','meriemselmoune945@gmail.com','0784196102','تيزي وزو','AAAAAAAAAAAAA','home',NULL),(94,41940.00,'في الانتظار','2025-08-13 17:50:51','yacine kadri','kadriyacine93@gmail.com','0555150505','الجزائر','happy birthday to you','home','i like cheese'),(95,19200.00,'في الانتظار','2025-08-13 17:53:14','yacine kadri','kadriyacine93@gmail.com','0555150505','الأغواط','ffefefe','home','fefefefe'),(96,1640.00,'في الانتظار','2025-08-13 17:59:06','mer sel','meriemselmoune945@gmail.com','0784196102','باتنة','AAAAAAAAAAAAA','home',NULL),(97,3200.00,'في الانتظار','2025-08-13 17:59:24','yacine kadri','kadriyacine93@gmail.com','0555150505','الشلف','dfdfd','home','fdfdfdf'),(98,850.00,'في الانتظار','2025-08-13 17:59:51','mer sel','meriemselmoune945@gmail.com','0784196102','بسكرة','AAAAAAAAAAAAA','home',NULL),(99,1350.00,'في الانتظار','2025-08-14 11:47:34','mer sel','meriemselmoune945@gmail.com','0784196102','الجزائر','AAAAAAAAAAAAA','home',NULL),(100,2850.00,'في الانتظار','2025-08-14 11:49:29','mer sel','meriemselmoune945@gmail.com','0784196102','أم البواقي','AAAAAAAAAAAAA','home',NULL),(101,4000.00,'في الانتظار','2025-08-15 15:24:31','Salah sekkar','salahsrkkar73@gmail.com','0542708751','بسكرة','Tushhhwo','home','Gwyg'),(102,3300.00,'في الانتظار','2025-08-15 19:47:33','Selmoune meriem','selmounemeriem@gmail.com','0784196102','الشلف','Adress','home',NULL);
/*!40000 ALTER TABLE `orders` ENABLE KEYS */;
UNLOCK TABLES;

--
-- Table structure for table `product_images`
--

DROP TABLE IF EXISTS `product_images`;
/*!40101 SET @saved_cs_client     = @@character_set_client */;
/*!50503 SET character_set_client = utf8mb4 */;
CREATE TABLE `product_images` (
  `id` int NOT NULL AUTO_INCREMENT,
  `url` text,
  `product_id` int DEFAULT NULL,
  `is_main` tinyint(1) NOT NULL DEFAULT '0',
  `public_id` varchar(255) DEFAULT NULL,
  PRIMARY KEY (`id`),
  KEY `product_id` (`product_id`),
  CONSTRAINT `product_images_ibfk_1` FOREIGN KEY (`product_id`) REFERENCES `products` (`id`) ON DELETE CASCADE ON UPDATE CASCADE
) ENGINE=InnoDB AUTO_INCREMENT=138 DEFAULT CHARSET=utf8mb4 COLLATE=utf8mb4_0900_ai_ci;
/*!40101 SET character_set_client = @saved_cs_client */;

--
-- Dumping data for table `product_images`
--

LOCK TABLES `product_images` WRITE;
/*!40000 ALTER TABLE `product_images` DISABLE KEYS */;
INSERT INTO `product_images` VALUES (86,'https://res.cloudinary.com/dj8va2cd0/image/upload/v1754317328/ftfhnvfeifxi8xxisiy6.jpg',61,0,NULL),(87,'https://res.cloudinary.com/dj8va2cd0/image/upload/v1754317327/z3bv885yidimkwe3nkta.jpg',61,0,NULL),(88,'https://res.cloudinary.com/dj8va2cd0/image/upload/v1754317327/zoctkq6e68a33bupdi3b.jpg',61,0,NULL),(89,'https://res.cloudinary.com/dj8va2cd0/image/upload/v1754317327/er31t2q8nfguswte9dmy.jpg',61,1,NULL),(90,'https://res.cloudinary.com/dj8va2cd0/image/upload/v1754317675/k0bl96e0nmmddn9hgyf1.jpg',62,1,NULL),(91,'https://res.cloudinary.com/dj8va2cd0/image/upload/v1754317675/qbmkgnvunmpqid1ogtg9.jpg',62,0,NULL),(92,'https://res.cloudinary.com/dj8va2cd0/image/upload/v1754317979/wictpugzqmncgxvvmym5.jpg',63,1,NULL),(93,'https://res.cloudinary.com/dj8va2cd0/image/upload/v1754317979/at46ieq9xif93awyxtt4.jpg',63,0,NULL),(94,'https://res.cloudinary.com/dj8va2cd0/image/upload/v1754318139/cwg3qj0tagrexrc3wms7.jpg',64,0,NULL),(95,'https://res.cloudinary.com/dj8va2cd0/image/upload/v1754318139/pg5dnal1hknhtajuok5z.jpg',64,1,NULL),(96,'https://res.cloudinary.com/dj8va2cd0/image/upload/v1754319016/fpuowua8sxzymbddpm2y.jpg',65,0,NULL),(97,'https://res.cloudinary.com/dj8va2cd0/image/upload/v1754319016/jpztfc1kjmpyqqbce3ot.jpg',65,1,NULL),(98,'https://res.cloudinary.com/dj8va2cd0/image/upload/v1754319016/byymt6ijxgk1eaftbg6i.jpg',65,0,NULL),(99,'https://res.cloudinary.com/dj8va2cd0/image/upload/v1754319016/j5xozesaoypcflwnzkg2.jpg',65,0,NULL),(106,'https://res.cloudinary.com/dj8va2cd0/image/upload/v1754871272/ykkrvmkdpqyw5flkucnh.jpg',70,1,NULL),(107,'https://res.cloudinary.com/dj8va2cd0/image/upload/v1754903834/ouxhbi6rawzqcdnrkyje.png',71,1,NULL),(108,'https://res.cloudinary.com/dj8va2cd0/image/upload/v1754905444/f3diaznnr2gnchrr5dmu.png',72,1,NULL),(109,'https://res.cloudinary.com/dj8va2cd0/image/upload/v1754948778/plj9oxrqkeqnmqmacjds.jpg',73,1,NULL),(110,'https://res.cloudinary.com/dj8va2cd0/image/upload/v1754989580/pr0rpsvuughortndjxgi.jpg',74,1,'pr0rpsvuughortndjxgi'),(111,'https://res.cloudinary.com/dj8va2cd0/image/upload/v1754990279/cqirz8n0xe2jwzijcg4j.jpg',75,1,'cqirz8n0xe2jwzijcg4j'),(112,'https://res.cloudinary.com/dj8va2cd0/image/upload/v1754990279/rklecgnsu5rgilwkegso.jpg',75,0,'rklecgnsu5rgilwkegso'),(114,'https://res.cloudinary.com/dj8va2cd0/image/upload/v1754997122/tru139fo9wtrfpi9zglv.png',76,1,'tru139fo9wtrfpi9zglv'),(121,'https://res.cloudinary.com/dj8va2cd0/image/upload/v1754997337/hlirqqh7bzqvgexjq9n5.png',76,0,'hlirqqh7bzqvgexjq9n5'),(122,'https://res.cloudinary.com/dj8va2cd0/image/upload/v1754998093/dyrjceugxfys1naxwglb.png',77,1,'dyrjceugxfys1naxwglb'),(123,'https://res.cloudinary.com/dj8va2cd0/image/upload/v1754998741/marq6ct0ckgbpsikkgz3.png',78,1,'marq6ct0ckgbpsikkgz3'),(128,'https://res.cloudinary.com/dj8va2cd0/image/upload/v1755076768/o5monmbx3inlvy7whw2m.jpg',79,1,'o5monmbx3inlvy7whw2m'),(131,'https://res.cloudinary.com/dj8va2cd0/image/upload/v1755076916/heusbkvitn8qdh7ywwka.jpg',79,0,'heusbkvitn8qdh7ywwka'),(132,'https://res.cloudinary.com/dj8va2cd0/image/upload/v1755105204/bpi6wec5fqqjlaw4cbip.jpg',80,1,'bpi6wec5fqqjlaw4cbip'),(133,'https://res.cloudinary.com/dj8va2cd0/image/upload/v1755144282/be1d4ws5newhchrzsldf.jpg',81,1,'be1d4ws5newhchrzsldf'),(136,'https://res.cloudinary.com/dj8va2cd0/image/upload/v1755164119/o25ir5czvhksxmgfxjdt.jpg',84,1,'o25ir5czvhksxmgfxjdt'),(137,'https://res.cloudinary.com/dj8va2cd0/image/upload/v1755164291/nkwnd67k7j3nbpehk3rc.jpg',85,1,'nkwnd67k7j3nbpehk3rc');
/*!40000 ALTER TABLE `product_images` ENABLE KEYS */;
UNLOCK TABLES;

--
-- Table structure for table `product_tags`
--

DROP TABLE IF EXISTS `product_tags`;
/*!40101 SET @saved_cs_client     = @@character_set_client */;
/*!50503 SET character_set_client = utf8mb4 */;
CREATE TABLE `product_tags` (
  `id` int NOT NULL AUTO_INCREMENT,
  `product_id` int DEFAULT NULL,
  `tag_id` int DEFAULT NULL,
  PRIMARY KEY (`id`),
  KEY `product_id` (`product_id`),
  KEY `tag_id` (`tag_id`),
  CONSTRAINT `product_tags_ibfk_1` FOREIGN KEY (`product_id`) REFERENCES `products` (`id`) ON DELETE CASCADE ON UPDATE CASCADE,
  CONSTRAINT `product_tags_ibfk_2` FOREIGN KEY (`tag_id`) REFERENCES `tags` (`id`) ON DELETE CASCADE ON UPDATE CASCADE
) ENGINE=InnoDB AUTO_INCREMENT=193 DEFAULT CHARSET=utf8mb4 COLLATE=utf8mb4_0900_ai_ci;
/*!40101 SET character_set_client = @saved_cs_client */;

--
-- Dumping data for table `product_tags`
--

LOCK TABLES `product_tags` WRITE;
/*!40000 ALTER TABLE `product_tags` DISABLE KEYS */;
INSERT INTO `product_tags` VALUES (148,64,4),(153,61,19),(170,77,32),(173,76,32),(186,81,33),(189,84,32),(190,79,30),(191,63,4),(192,75,32);
/*!40000 ALTER TABLE `product_tags` ENABLE KEYS */;
UNLOCK TABLES;

--
-- Table structure for table `product_variant_images`
--

DROP TABLE IF EXISTS `product_variant_images`;
/*!40101 SET @saved_cs_client     = @@character_set_client */;
/*!50503 SET character_set_client = utf8mb4 */;
CREATE TABLE `product_variant_images` (
  `id` int NOT NULL AUTO_INCREMENT,
  `variant_id` int NOT NULL,
  `url` text NOT NULL,
  `alt_text` varchar(255) DEFAULT NULL,
  `is_primary` tinyint(1) DEFAULT '0',
  `sort_order` int DEFAULT '0',
  `created_at` timestamp NULL DEFAULT CURRENT_TIMESTAMP,
  `public_id` varchar(255) DEFAULT NULL,
  PRIMARY KEY (`id`),
  KEY `idx_variant_images_variant_id` (`variant_id`),
  KEY `idx_variant_images_primary` (`is_primary`),
  CONSTRAINT `product_variant_images_ibfk_1` FOREIGN KEY (`variant_id`) REFERENCES `product_variants` (`id`) ON DELETE CASCADE ON UPDATE CASCADE
) ENGINE=InnoDB AUTO_INCREMENT=54 DEFAULT CHARSET=utf8mb4 COLLATE=utf8mb4_0900_ai_ci;
/*!40101 SET character_set_client = @saved_cs_client */;

--
-- Dumping data for table `product_variant_images`
--

LOCK TABLES `product_variant_images` WRITE;
/*!40000 ALTER TABLE `product_variant_images` DISABLE KEYS */;
INSERT INTO `product_variant_images` VALUES (10,23,'https://res.cloudinary.com/dj8va2cd0/image/upload/v1754923952/xpsajrmb94cnefzthtw0.webp',NULL,1,0,'2025-08-11 14:52:33',NULL),(11,24,'https://res.cloudinary.com/dj8va2cd0/image/upload/v1754924342/xltbe3wquugxwxinzhum.jpg',NULL,1,0,'2025-08-11 14:59:03',NULL),(31,26,'https://res.cloudinary.com/dj8va2cd0/image/upload/v1754964908/c6dorjpilw8kndckybjs.png',NULL,1,0,'2025-08-12 02:15:08',NULL),(37,3,'https://res.cloudinary.com/dj8va2cd0/image/upload/v1754966627/eyhefegob6fotrzmfhah.jpg',NULL,1,0,'2025-08-12 02:43:47',NULL),(40,28,'https://res.cloudinary.com/dj8va2cd0/image/upload/v1754989933/dykxjl4adgxqd6igwx8i.webp',NULL,1,0,'2025-08-12 09:12:13','dykxjl4adgxqd6igwx8i'),(41,29,'https://res.cloudinary.com/dj8va2cd0/image/upload/v1754990500/o9mpy0bzsh9fbm7vuoy8.jpg',NULL,0,0,'2025-08-12 09:21:40','o9mpy0bzsh9fbm7vuoy8'),(42,29,'https://res.cloudinary.com/dj8va2cd0/image/upload/v1754990500/b8bv6dsejqniiyvs4qag.jpg',NULL,1,1,'2025-08-12 09:21:40','b8bv6dsejqniiyvs4qag'),(43,30,'https://res.cloudinary.com/dj8va2cd0/image/upload/v1754999595/oewmu7cbgep9agjsazbm.png',NULL,1,0,'2025-08-12 11:53:18','oewmu7cbgep9agjsazbm'),(44,30,'https://res.cloudinary.com/dj8va2cd0/image/upload/v1754999596/gyek8iemw5eyem5b5luf.png',NULL,0,1,'2025-08-12 11:53:18','gyek8iemw5eyem5b5luf'),(45,31,'https://res.cloudinary.com/dj8va2cd0/image/upload/v1754999596/pkrx5u8adt63awl6tr4e.png',NULL,1,0,'2025-08-12 11:53:18','pkrx5u8adt63awl6tr4e'),(46,31,'https://res.cloudinary.com/dj8va2cd0/image/upload/v1754999596/cwdioyccyy9kzvhzzcdx.png',NULL,0,1,'2025-08-12 11:53:18','cwdioyccyy9kzvhzzcdx'),(47,32,'https://res.cloudinary.com/dj8va2cd0/image/upload/v1754999597/wybklwg2kcjll3c0fi7u.png',NULL,1,0,'2025-08-12 11:53:18','wybklwg2kcjll3c0fi7u'),(48,32,'https://res.cloudinary.com/dj8va2cd0/image/upload/v1754999597/wgo8gzmk80qlzte9gryn.png',NULL,0,1,'2025-08-12 11:53:18','wgo8gzmk80qlzte9gryn'),(49,33,'https://res.cloudinary.com/dj8va2cd0/image/upload/v1754999597/mpogbwwbnq3wn5t0xjdc.png',NULL,1,0,'2025-08-12 11:53:18','mpogbwwbnq3wn5t0xjdc'),(52,35,'https://res.cloudinary.com/dj8va2cd0/image/upload/v1755164759/rdorznwz6dzqbilpy86u.jpg',NULL,1,0,'2025-08-14 09:46:00','rdorznwz6dzqbilpy86u'),(53,35,'https://res.cloudinary.com/dj8va2cd0/image/upload/v1755164759/atj2vjnvkxpl33xl7uwh.jpg',NULL,0,1,'2025-08-14 09:46:00','atj2vjnvkxpl33xl7uwh');
/*!40000 ALTER TABLE `product_variant_images` ENABLE KEYS */;
UNLOCK TABLES;

--
-- Table structure for table `product_variants`
--

DROP TABLE IF EXISTS `product_variants`;
/*!40101 SET @saved_cs_client     = @@character_set_client */;
/*!50503 SET character_set_client = utf8mb4 */;
CREATE TABLE `product_variants` (
  `id` int NOT NULL AUTO_INCREMENT,
  `product_id` int NOT NULL,
  `title` varchar(255) NOT NULL,
  `price` decimal(10,2) NOT NULL,
  `discount_price` decimal(10,2) DEFAULT NULL,
  `discount_start` date DEFAULT NULL,
  `discount_end` date DEFAULT NULL,
  `measure_unit` varchar(50) DEFAULT NULL,
  `size` varchar(100) DEFAULT NULL,
  `is_active` tinyint(1) DEFAULT '1',
  `created_at` timestamp NULL DEFAULT CURRENT_TIMESTAMP,
  `updated_at` timestamp NULL DEFAULT CURRENT_TIMESTAMP ON UPDATE CURRENT_TIMESTAMP,
  `allows_custom_quantity` tinyint(1) DEFAULT '0',
  `discount_percentage` decimal(5,2) DEFAULT NULL,
  `initial_price` decimal(10,2) DEFAULT NULL,
  `profit` decimal(10,2) DEFAULT NULL,
  `prod_ref` varchar(255) DEFAULT NULL,
  `discount_threshold` int DEFAULT NULL,
  PRIMARY KEY (`id`),
  KEY `idx_product_variants_product_id` (`product_id`),
  KEY `idx_product_variants_active` (`is_active`),
  CONSTRAINT `product_variants_ibfk_1` FOREIGN KEY (`product_id`) REFERENCES `products` (`id`) ON DELETE CASCADE ON UPDATE CASCADE
) ENGINE=InnoDB AUTO_INCREMENT=36 DEFAULT CHARSET=utf8mb4 COLLATE=utf8mb4_0900_ai_ci;
/*!40101 SET character_set_client = @saved_cs_client */;

--
-- Dumping data for table `product_variants`
--

LOCK TABLES `product_variants` WRITE;
/*!40000 ALTER TABLE `product_variants` DISABLE KEYS */;
INSERT INTO `product_variants` VALUES (3,61,'خزان مياه حجم  500L',50.00,45.00,'2025-08-10','2025-08-12','liter','500',1,'2025-08-09 08:44:45','2025-08-12 10:42:29',0,2.00,20.00,30.00,NULL,NULL),(23,62,'new variant',550.00,420.00,'2025-08-10','2025-08-20','ampere','25',1,'2025-08-11 14:52:33','2025-08-11 14:52:33',0,23.64,400.00,150.00,NULL,NULL),(24,62,'new variant 2',300.00,250.00,'2025-08-10','2025-08-15','milliampere','100',1,'2025-08-11 14:59:03','2025-08-11 14:59:03',0,16.67,200.00,100.00,NULL,NULL),(26,61,'خزان مياه حجم 800L',9500.00,9000.00,'2025-08-10','2025-08-12','liter','800',1,'2025-08-11 21:31:42','2025-08-12 12:28:36',0,5.00,8000.00,1500.00,NULL,NULL),(28,73,'AAAA WORK',5000.00,4500.00,'2025-08-11','2025-08-13','cubic_meter','50',1,'2025-08-12 09:12:13','2025-08-12 09:13:36',0,NULL,4000.00,1000.00,NULL,NULL),(29,75,'aaa variant',800.00,700.00,'2025-08-11','2025-08-14','kilogram','2',1,'2025-08-12 09:21:40','2025-08-12 09:26:30',0,2.00,500.00,300.00,NULL,NULL),(30,78,'work',300.00,NULL,NULL,NULL,'millimeter','1',1,'2025-08-12 11:53:18','2025-08-12 11:53:18',0,NULL,200.00,100.00,NULL,NULL),(31,78,'workk',400.00,350.00,'2025-08-11','2025-08-17','millimeter','2',1,'2025-08-12 11:53:18','2025-08-12 12:06:50',0,NULL,200.00,200.00,NULL,NULL),(32,78,'workkk',500.00,NULL,NULL,NULL,'millimeter','3',1,'2025-08-12 11:53:18','2025-08-12 12:09:07',0,5.00,200.00,300.00,NULL,NULL),(33,78,'workkkkkl',600.00,500.00,'2025-08-11','2025-08-15','millimeter','4',1,'2025-08-12 11:53:18','2025-08-12 12:04:13',0,5.00,200.00,400.00,NULL,NULL),(35,85,'variant1',350.00,NULL,NULL,NULL,'kilogram','1',1,'2025-08-14 09:46:00','2025-08-14 13:33:40',0,5.00,250.00,100.00,'15409',3);
/*!40000 ALTER TABLE `product_variants` ENABLE KEYS */;
UNLOCK TABLES;

--
-- Table structure for table `products`
--

DROP TABLE IF EXISTS `products`;
/*!40101 SET @saved_cs_client     = @@character_set_client */;
/*!50503 SET character_set_client = utf8mb4 */;
CREATE TABLE `products` (
  `id` int NOT NULL AUTO_INCREMENT,
  `name` varchar(255) NOT NULL,
  `description` text,
  `discount_price` decimal(10,2) DEFAULT NULL,
  `discount_start` date DEFAULT NULL,
  `discount_end` date DEFAULT NULL,
  `category_id` int NOT NULL,
  `subcategory_id` int DEFAULT NULL,
  `has_measure_unit` tinyint(1) DEFAULT '0',
  `measure_unit` varchar(50) DEFAULT NULL,
  `initial_price` decimal(10,2) DEFAULT NULL,
  `profit` decimal(10,2) DEFAULT NULL,
  `discount_percentage` decimal(5,2) DEFAULT '0.00',
  `price` decimal(10,2) NOT NULL DEFAULT '0.00',
  `created_at` datetime DEFAULT CURRENT_TIMESTAMP,
  `updated_at` datetime DEFAULT CURRENT_TIMESTAMP ON UPDATE CURRENT_TIMESTAMP,
  `allows_custom_quantity` tinyint(1) DEFAULT '0',
  `discount_threshold` int DEFAULT '2',
  `prod_ref` varchar(255) DEFAULT NULL,
  PRIMARY KEY (`id`),
  KEY `fk_products_category` (`category_id`),
  KEY `fk_products_subcategory` (`subcategory_id`),
  FULLTEXT KEY `name` (`name`,`description`),
  CONSTRAINT `fk_products_category` FOREIGN KEY (`category_id`) REFERENCES `categories` (`id`) ON DELETE RESTRICT ON UPDATE CASCADE,
  CONSTRAINT `fk_products_subcategory` FOREIGN KEY (`subcategory_id`) REFERENCES `subcategories` (`id`) ON DELETE RESTRICT ON UPDATE CASCADE
) ENGINE=InnoDB AUTO_INCREMENT=86 DEFAULT CHARSET=utf8mb4 COLLATE=utf8mb4_0900_ai_ci;
/*!40101 SET character_set_client = @saved_cs_client */;

--
-- Dumping data for table `products`
--

LOCK TABLES `products` WRITE;
/*!40000 ALTER TABLE `products` DISABLE KEYS */;
INSERT INTO `products` VALUES (61,'خزان المياه','<div dir=\"auto\" style=\"font-family: &quot;Segoe UI Historic&quot;, &quot;Segoe UI&quot;, Helvetica, Arial, sans-serif; color: rgb(8, 8, 9); font-style: normal; font-variant-ligatures: normal; font-variant-caps: normal; font-weight: 400; letter-spacing: normal; orphans: 2; text-align: start; text-indent: 0px; text-transform: none; widows: 2; word-spacing: 0px; -webkit-text-stroke-width: 0px; white-space: pre-wrap; background-color: rgb(255, 255, 255); text-decoration-thickness: initial; text-decoration-style: initial; text-decoration-color: initial; font-size: 15px;\">دفعة جديدة لخزانات المياه متعددة الانواع  ذات 7 طبقات  و جودة عالية  باسعار خيالية <span class=\"html-span xexx8yu xyri2b x18d9i69 x1c1uobl x1hl2dhg x16tdsg8 x1vvkbs x3nfvp2 x1j61x8r x1fcty0u xdj266r xat24cr xm2jcoa x1mpyi22 xxymvpz xlup9mm x1kky2od\" style=\"text-decoration: none; text-align: inherit; padding: 0px; overflow-wrap: break-word; margin: 0px 1px; font-weight: 400; font-style: normal; display: inline-flex; vertical-align: middle; width: 16px; height: 16px; font-family: inherit;\"><img height=\"16\" width=\"16\" class=\"xz74otr x15mokao x1ga7v0g x16uus16 xbiv7yw\" alt=\"🔥\" referrerpolicy=\"origin-when-cross-origin\" src=\"https://static.xx.fbcdn.net/images/emoji.php/v9/t50/1/16/1f525.png\" style=\"border: 0px; border-radius: 0px; object-fit: fill;\"></span><span class=\"html-span xexx8yu xyri2b x18d9i69 x1c1uobl x1hl2dhg x16tdsg8 x1vvkbs x3nfvp2 x1j61x8r x1fcty0u xdj266r xat24cr xm2jcoa x1mpyi22 xxymvpz xlup9mm x1kky2od\" style=\"text-decoration: none; text-align: inherit; padding: 0px; overflow-wrap: break-word; margin: 0px 1px; font-weight: 400; font-style: normal; display: inline-flex; vertical-align: middle; width: 16px; height: 16px; font-family: inherit;\"><img height=\"16\" width=\"16\" class=\"xz74otr x15mokao x1ga7v0g x16uus16 xbiv7yw\" alt=\"🔥\" referrerpolicy=\"origin-when-cross-origin\" src=\"https://static.xx.fbcdn.net/images/emoji.php/v9/t50/1/16/1f525.png\" style=\"border: 0px; border-radius: 0px; object-fit: fill;\"></span> كما عودنا زبائننا الكرام </div><div dir=\"auto\" style=\"font-family: &quot;Segoe UI Historic&quot;, &quot;Segoe UI&quot;, Helvetica, Arial, sans-serif; color: rgb(8, 8, 9); font-style: normal; font-variant-ligatures: normal; font-variant-caps: normal; font-weight: 400; letter-spacing: normal; orphans: 2; text-align: start; text-indent: 0px; text-transform: none; widows: 2; word-spacing: 0px; -webkit-text-stroke-width: 0px; white-space: pre-wrap; background-color: rgb(255, 255, 255); text-decoration-thickness: initial; text-decoration-style: initial; text-decoration-color: initial; font-size: 15px;\">الخزانات المائية متعددة الاحجام  </div><div dir=\"auto\" style=\"font-family: &quot;Segoe UI Historic&quot;, &quot;Segoe UI&quot;, Helvetica, Arial, sans-serif; color: rgb(8, 8, 9); font-style: normal; font-variant-ligatures: normal; font-variant-caps: normal; font-weight: 400; letter-spacing: normal; orphans: 2; text-align: start; text-indent: 0px; text-transform: none; widows: 2; word-spacing: 0px; -webkit-text-stroke-width: 0px; white-space: pre-wrap; background-color: rgb(255, 255, 255); text-decoration-thickness: initial; text-decoration-style: initial; text-decoration-color: initial; font-size: 15px;\"><strong>500L</strong> vertical </div><div dir=\"auto\" style=\"font-family: &quot;Segoe UI Historic&quot;, &quot;Segoe UI&quot;, Helvetica, Arial, sans-serif; color: rgb(8, 8, 9); font-style: normal; font-variant-ligatures: normal; font-variant-caps: normal; font-weight: 400; letter-spacing: normal; orphans: 2; text-align: start; text-indent: 0px; text-transform: none; widows: 2; word-spacing: 0px; -webkit-text-stroke-width: 0px; white-space: pre-wrap; background-color: rgb(255, 255, 255); text-decoration-thickness: initial; text-decoration-style: initial; text-decoration-color: initial; font-size: 15px;\"><strong>1000L</strong> vertical </div><div dir=\"auto\" style=\"font-family: &quot;Segoe UI Historic&quot;, &quot;Segoe UI&quot;, Helvetica, Arial, sans-serif; color: rgb(8, 8, 9); font-style: normal; font-variant-ligatures: normal; font-variant-caps: normal; font-weight: 400; letter-spacing: normal; orphans: 2; text-align: start; text-indent: 0px; text-transform: none; widows: 2; word-spacing: 0px; -webkit-text-stroke-width: 0px; white-space: pre-wrap; background-color: rgb(255, 255, 255); text-decoration-thickness: initial; text-decoration-style: initial; text-decoration-color: initial; font-size: 15px;\"><strong>800L</strong> vertical </div><div dir=\"auto\" style=\"font-family: &quot;Segoe UI Historic&quot;, &quot;Segoe UI&quot;, Helvetica, Arial, sans-serif; color: rgb(8, 8, 9); font-style: normal; font-variant-ligatures: normal; font-variant-caps: normal; font-weight: 400; letter-spacing: normal; orphans: 2; text-align: start; text-indent: 0px; text-transform: none; widows: 2; word-spacing: 0px; -webkit-text-stroke-width: 0px; white-space: pre-wrap; background-color: rgb(255, 255, 255); text-decoration-thickness: initial; text-decoration-style: initial; text-decoration-color: initial; font-size: 15px;\"><strong>1000L</strong> horizontal </div><div dir=\"auto\" style=\"font-family: &quot;Segoe UI Historic&quot;, &quot;Segoe UI&quot;, Helvetica, Arial, sans-serif; color: rgb(8, 8, 9); font-style: normal; font-variant-ligatures: normal; font-variant-caps: normal; font-weight: 400; letter-spacing: normal; orphans: 2; text-align: start; text-indent: 0px; text-transform: none; widows: 2; word-spacing: 0px; -webkit-text-stroke-width: 0px; white-space: pre-wrap; background-color: rgb(255, 255, 255); text-decoration-thickness: initial; text-decoration-style: initial; text-decoration-color: initial; font-size: 15px;\"><strong>1000L</strong> boMbe </div><div dir=\"auto\" style=\"font-family: &quot;Segoe UI Historic&quot;, &quot;Segoe UI&quot;, Helvetica, Arial, sans-serif; color: rgb(8, 8, 9); font-style: normal; font-variant-ligatures: normal; font-variant-caps: normal; font-weight: 400; letter-spacing: normal; orphans: 2; text-align: start; text-indent: 0px; text-transform: none; widows: 2; word-spacing: 0px; -webkit-text-stroke-width: 0px; white-space: pre-wrap; background-color: rgb(255, 255, 255); text-decoration-thickness: initial; text-decoration-style: initial; text-decoration-color: initial; font-size: 15px;\"><strong>1500L </strong>horizontal </div><div dir=\"auto\" style=\"font-family: &quot;Segoe UI Historic&quot;, &quot;Segoe UI&quot;, Helvetica, Arial, sans-serif; color: rgb(8, 8, 9); font-style: normal; font-variant-ligatures: normal; font-variant-caps: normal; font-weight: 400; letter-spacing: normal; orphans: 2; text-align: start; text-indent: 0px; text-transform: none; widows: 2; word-spacing: 0px; -webkit-text-stroke-width: 0px; white-space: pre-wrap; background-color: rgb(255, 255, 255); text-decoration-thickness: initial; text-decoration-style: initial; text-decoration-color: initial; font-size: 15px;\"><strong>1500L </strong>bombe </div><div dir=\"auto\" style=\"font-family: &quot;Segoe UI Historic&quot;, &quot;Segoe UI&quot;, Helvetica, Arial, sans-serif; color: rgb(8, 8, 9); font-style: normal; font-variant-ligatures: normal; font-variant-caps: normal; font-weight: 400; letter-spacing: normal; orphans: 2; text-align: start; text-indent: 0px; text-transform: none; widows: 2; word-spacing: 0px; -webkit-text-stroke-width: 0px; white-space: pre-wrap; background-color: rgb(255, 255, 255); text-decoration-thickness: initial; text-decoration-style: initial; text-decoration-color: initial; font-size: 15px;\"><strong>2000L</strong> horizontal </div><div dir=\"auto\" style=\"font-family: &quot;Segoe UI Historic&quot;, &quot;Segoe UI&quot;, Helvetica, Arial, sans-serif; color: rgb(8, 8, 9); font-style: normal; font-variant-ligatures: normal; font-variant-caps: normal; font-weight: 400; letter-spacing: normal; orphans: 2; text-align: start; text-indent: 0px; text-transform: none; widows: 2; word-spacing: 0px; -webkit-text-stroke-width: 0px; white-space: pre-wrap; background-color: rgb(255, 255, 255); text-decoration-thickness: initial; text-decoration-style: initial; text-decoration-color: initial; font-size: 15px;\"><strong>2000L</strong> bombe </div>',9000.00,'2025-08-01','2025-08-03',14,11,0,NULL,9000.00,1000.00,5.00,10000.00,'2025-08-10 16:06:36','2025-08-10 16:06:36',0,2,NULL),(62,'Suport machine a lavè','<div dir=\"auto\" style=\"font-family: &quot;Segoe UI Historic&quot;, &quot;Segoe UI&quot;, Helvetica, Arial, sans-serif; color: rgb(8, 8, 9); font-style: normal; font-variant-ligatures: normal; font-variant-caps: normal; font-weight: 400; letter-spacing: normal; orphans: 2; text-align: start; text-indent: 0px; text-transform: none; widows: 2; word-spacing: 0px; -webkit-text-stroke-width: 0px; white-space: pre-wrap; background-color: rgb(255, 255, 255); text-decoration-thickness: initial; text-decoration-style: initial; text-decoration-color: initial; font-size: 15px;\">Suport machine a lavè anti vibration très efficace<span class=\"html-span xexx8yu xyri2b x18d9i69 x1c1uobl x1hl2dhg x16tdsg8 x1vvkbs x3nfvp2 x1j61x8r x1fcty0u xdj266r xat24cr xm2jcoa x1mpyi22 xxymvpz xlup9mm x1kky2od\" style=\"text-decoration: none; text-align: inherit; padding: 0px; overflow-wrap: break-word; margin: 0px 1px; font-weight: 400; font-style: normal; display: inline-flex; vertical-align: middle; width: 16px; height: 16px; font-family: inherit;\"><img height=\"16\" width=\"16\" class=\"xz74otr x15mokao x1ga7v0g x16uus16 xbiv7yw\" alt=\"😍\" referrerpolicy=\"origin-when-cross-origin\" src=\"https://static.xx.fbcdn.net/images/emoji.php/v9/t2/1/16/1f60d.png\" style=\"border: 0px; border-radius: 0px; object-fit: fill;\"></span><span class=\"html-span xexx8yu xyri2b x18d9i69 x1c1uobl x1hl2dhg x16tdsg8 x1vvkbs x3nfvp2 x1j61x8r x1fcty0u xdj266r xat24cr xm2jcoa x1mpyi22 xxymvpz xlup9mm x1kky2od\" style=\"text-decoration: none; text-align: inherit; padding: 0px; overflow-wrap: break-word; margin: 0px 1px; font-weight: 400; font-style: normal; display: inline-flex; vertical-align: middle; width: 16px; height: 16px; font-family: inherit;\"><img height=\"16\" width=\"16\" class=\"xz74otr x15mokao x1ga7v0g x16uus16 xbiv7yw\" alt=\"👌\" referrerpolicy=\"origin-when-cross-origin\" src=\"https://static.xx.fbcdn.net/images/emoji.php/v9/t7b/1/16/1f44c.png\" style=\"border: 0px; border-radius: 0px; object-fit: fill;\"></span><span class=\"html-span xexx8yu xyri2b x18d9i69 x1c1uobl x1hl2dhg x16tdsg8 x1vvkbs x3nfvp2 x1j61x8r x1fcty0u xdj266r xat24cr xm2jcoa x1mpyi22 xxymvpz xlup9mm x1kky2od\" style=\"text-decoration: none; text-align: inherit; padding: 0px; overflow-wrap: break-word; margin: 0px 1px; font-weight: 400; font-style: normal; display: inline-flex; vertical-align: middle; width: 16px; height: 16px; font-family: inherit;\"><img height=\"16\" width=\"16\" class=\"xz74otr x15mokao x1ga7v0g x16uus16 xbiv7yw\" alt=\"👌\" referrerpolicy=\"origin-when-cross-origin\" src=\"https://static.xx.fbcdn.net/images/emoji.php/v9/t7b/1/16/1f44c.png\" style=\"border: 0px; border-radius: 0px; object-fit: fill;\"></span></div><div dir=\"auto\" style=\"font-family: &quot;Segoe UI Historic&quot;, &quot;Segoe UI&quot;, Helvetica, Arial, sans-serif; color: rgb(8, 8, 9); font-style: normal; font-variant-ligatures: normal; font-variant-caps: normal; font-weight: 400; letter-spacing: normal; orphans: 2; text-align: start; text-indent: 0px; text-transform: none; widows: 2; word-spacing: 0px; -webkit-text-stroke-width: 0px; white-space: pre-wrap; background-color: rgb(255, 255, 255); text-decoration-thickness: initial; text-decoration-style: initial; text-decoration-color: initial; font-size: 15px;\">لكل من يعاني من <em>ضجيج غسالة</em> الملابس محلنا يوفر لكم منتج فعال جدا و ب <strong>سعر تنافسي</strong>  <u>الكمية محدودة </u></div><div dir=\"auto\" style=\"font-family: &quot;Segoe UI Historic&quot;, &quot;Segoe UI&quot;, Helvetica, Arial, sans-serif; color: rgb(8, 8, 9); font-style: normal; font-variant-ligatures: normal; font-variant-caps: normal; font-weight: 400; letter-spacing: normal; orphans: 2; text-align: start; text-indent: 0px; text-transform: none; widows: 2; word-spacing: 0px; -webkit-text-stroke-width: 0px; white-space: pre-wrap; background-color: rgb(255, 255, 255); text-decoration-thickness: initial; text-decoration-style: initial; text-decoration-color: initial; font-size: 15px;\">سارعو للحصول عليه و لا تضيعو الفرصة <span class=\"html-span xexx8yu xyri2b x18d9i69 x1c1uobl x1hl2dhg x16tdsg8 x1vvkbs x3nfvp2 x1j61x8r x1fcty0u xdj266r xat24cr xm2jcoa x1mpyi22 xxymvpz xlup9mm x1kky2od\" style=\"text-decoration: none; text-align: inherit; padding: 0px; overflow-wrap: break-word; margin: 0px 1px; font-weight: 400; font-style: normal; display: inline-flex; vertical-align: middle; width: 16px; height: 16px; font-family: inherit;\"><img height=\"16\" width=\"16\" class=\"xz74otr x15mokao x1ga7v0g x16uus16 xbiv7yw\" alt=\"😍\" referrerpolicy=\"origin-when-cross-origin\" src=\"https://static.xx.fbcdn.net/images/emoji.php/v9/t2/1/16/1f60d.png\" style=\"border: 0px; border-radius: 0px; object-fit: fill;\"></span><span class=\"html-span xexx8yu xyri2b x18d9i69 x1c1uobl x1hl2dhg x16tdsg8 x1vvkbs x3nfvp2 x1j61x8r x1fcty0u xdj266r xat24cr xm2jcoa x1mpyi22 xxymvpz xlup9mm x1kky2od\" style=\"text-decoration: none; text-align: inherit; padding: 0px; overflow-wrap: break-word; margin: 0px 1px; font-weight: 400; font-style: normal; display: inline-flex; vertical-align: middle; width: 16px; height: 16px; font-family: inherit;\"><img height=\"16\" width=\"16\" class=\"xz74otr x15mokao x1ga7v0g x16uus16 xbiv7yw\" alt=\"😍\" referrerpolicy=\"origin-when-cross-origin\" src=\"https://static.xx.fbcdn.net/images/emoji.php/v9/t2/1/16/1f60d.png\" style=\"border: 0px; border-radius: 0px; object-fit: fill;\"></span></div><div dir=\"auto\" style=\"font-family: &quot;Segoe UI Historic&quot;, &quot;Segoe UI&quot;, Helvetica, Arial, sans-serif; color: rgb(8, 8, 9); font-style: normal; font-variant-ligatures: normal; font-variant-caps: normal; font-weight: 400; letter-spacing: normal; orphans: 2; text-align: start; text-indent: 0px; text-transform: none; widows: 2; word-spacing: 0px; -webkit-text-stroke-width: 0px; white-space: pre-wrap; background-color: rgb(255, 255, 255); text-decoration-thickness: initial; text-decoration-style: initial; text-decoration-color: initial; font-size: 15px;\">للطلب او الاستفسار اتصل با الارقام التالية</div>',450.00,'2025-08-10','2025-08-13',15,12,0,NULL,400.00,100.00,2.00,500.00,'2025-08-10 16:06:36','2025-08-11 09:12:42',0,2,NULL),(63,'أجهزة لحام كهربائية','<div dir=\"auto\" style=\"font-family: &quot;Segoe UI Historic&quot;, &quot;Segoe UI&quot;, Helvetica, Arial, sans-serif; color: rgb(8, 8, 9); font-style: normal; font-variant-ligatures: normal; font-variant-caps: normal; font-weight: 400; letter-spacing: normal; orphans: 2; text-align: start; text-indent: 0px; text-transform: none; widows: 2; word-spacing: 0px; -webkit-text-stroke-width: 0px; white-space: pre-wrap; background-color: rgb(255, 255, 255); text-decoration-thickness: initial; text-decoration-style: initial; text-decoration-color: initial; font-size: 15px;\">Poste a souder mig/mma 140 220v disponible </div><div dir=\"auto\" style=\"font-family: &quot;Segoe UI Historic&quot;, &quot;Segoe UI&quot;, Helvetica, Arial, sans-serif; color: rgb(8, 8, 9); font-style: normal; font-variant-ligatures: normal; font-variant-caps: normal; font-weight: 400; letter-spacing: normal; orphans: 2; text-align: start; text-indent: 0px; text-transform: none; widows: 2; word-spacing: 0px; -webkit-text-stroke-width: 0px; white-space: pre-wrap; background-color: rgb(255, 255, 255); text-decoration-thickness: initial; text-decoration-style: initial; text-decoration-color: initial; font-size: 15px;\">لحام كهربائي  honest pro mig  ذو جودة عالمية  يعمل با  baget  و السلك دون توفر قارورة الغاز فهو يشتغل با الكهرباء 220v </div><div dir=\"auto\" style=\"font-family: &quot;Segoe UI Historic&quot;, &quot;Segoe UI&quot;, Helvetica, Arial, sans-serif; color: rgb(8, 8, 9); font-style: normal; font-variant-ligatures: normal; font-variant-caps: normal; font-weight: 400; letter-spacing: normal; orphans: 2; text-align: start; text-indent: 0px; text-transform: none; widows: 2; word-spacing: 0px; -webkit-text-stroke-width: 0px; white-space: pre-wrap; background-color: rgb(255, 255, 255); text-decoration-thickness: initial; text-decoration-style: initial; text-decoration-color: initial; font-size: 15px;\">معه لفافة سلك مجانية تدوم <strong>لاكثر من ثلاثة اشهر</strong> </div><div dir=\"auto\" style=\"font-family: &quot;Segoe UI Historic&quot;, &quot;Segoe UI&quot;, Helvetica, Arial, sans-serif; color: rgb(8, 8, 9); font-style: normal; font-variant-ligatures: normal; font-variant-caps: normal; font-weight: 400; letter-spacing: normal; orphans: 2; text-align: start; text-indent: 0px; text-transform: none; widows: 2; word-spacing: 0px; -webkit-text-stroke-width: 0px; white-space: pre-wrap; background-color: rgb(255, 255, 255); text-decoration-thickness: initial; text-decoration-style: initial; text-decoration-color: initial; font-size: 15px;\">يعمل على التلحيم بشكل جد رائع </div><div dir=\"auto\" style=\"font-family: &quot;Segoe UI Historic&quot;, &quot;Segoe UI&quot;, Helvetica, Arial, sans-serif; color: rgb(8, 8, 9); font-style: normal; font-variant-ligatures: normal; font-variant-caps: normal; font-weight: 400; letter-spacing: normal; orphans: 2; text-align: start; text-indent: 0px; text-transform: none; widows: 2; word-spacing: 0px; -webkit-text-stroke-width: 0px; white-space: pre-wrap; background-color: rgb(255, 255, 255); text-decoration-thickness: initial; text-decoration-style: initial; text-decoration-color: initial; font-size: 15px;\"><strong>خفيف و محمول</strong> يمكنك من اخذه لجميع الاماكن </div><div dir=\"auto\" style=\"font-family: &quot;Segoe UI Historic&quot;, &quot;Segoe UI&quot;, Helvetica, Arial, sans-serif; color: rgb(8, 8, 9); font-style: normal; font-variant-ligatures: normal; font-variant-caps: normal; font-weight: 400; letter-spacing: normal; orphans: 2; text-align: start; text-indent: 0px; text-transform: none; widows: 2; word-spacing: 0px; -webkit-text-stroke-width: 0px; white-space: pre-wrap; background-color: rgb(255, 255, 255); text-decoration-thickness: initial; text-decoration-style: initial; text-decoration-color: initial; font-size: 15px;\"><strong>سهل الاستعمال موفر للجهد</strong> <span class=\"html-span xexx8yu xyri2b x18d9i69 x1c1uobl x1hl2dhg x16tdsg8 x1vvkbs x3nfvp2 x1j61x8r x1fcty0u xdj266r xat24cr xm2jcoa x1mpyi22 xxymvpz xlup9mm x1kky2od\" style=\"text-decoration: none; text-align: inherit; padding: 0px; overflow-wrap: break-word; margin: 0px 1px; font-weight: 400; font-style: normal; display: inline-flex; vertical-align: middle; width: 16px; height: 16px; font-family: inherit;\"><img height=\"16\" width=\"16\" class=\"xz74otr x15mokao x1ga7v0g x16uus16 xbiv7yw\" alt=\"🔥\" referrerpolicy=\"origin-when-cross-origin\" src=\"https://static.xx.fbcdn.net/images/emoji.php/v9/t50/1/16/1f525.png\" style=\"border: 0px; border-radius: 0px; object-fit: fill;\"></span><span class=\"html-span xexx8yu xyri2b x18d9i69 x1c1uobl x1hl2dhg x16tdsg8 x1vvkbs x3nfvp2 x1j61x8r x1fcty0u xdj266r xat24cr xm2jcoa x1mpyi22 xxymvpz xlup9mm x1kky2od\" style=\"text-decoration: none; text-align: inherit; padding: 0px; overflow-wrap: break-word; margin: 0px 1px; font-weight: 400; font-style: normal; display: inline-flex; vertical-align: middle; width: 16px; height: 16px; font-family: inherit;\"><img height=\"16\" width=\"16\" class=\"xz74otr x15mokao x1ga7v0g x16uus16 xbiv7yw\" alt=\"🔥\" referrerpolicy=\"origin-when-cross-origin\" src=\"https://static.xx.fbcdn.net/images/emoji.php/v9/t50/1/16/1f525.png\" style=\"border: 0px; border-radius: 0px; object-fit: fill;\"></span> </div>',10000.00,'2025-08-15','2025-08-23',2,13,0,NULL,9500.00,1500.00,2.00,11000.00,'2025-08-10 16:06:36','2025-08-16 18:10:43',0,NULL,NULL),(64,'غسالات ضغط كهربائية','<div dir=\"auto\" style=\"font-family: &quot;Segoe UI Historic&quot;, &quot;Segoe UI&quot;, Helvetica, Arial, sans-serif; color: rgb(8, 8, 9); font-style: normal; font-variant-ligatures: normal; font-variant-caps: normal; font-weight: 400; letter-spacing: normal; orphans: 2; text-align: start; text-indent: 0px; text-transform: none; widows: 2; word-spacing: 0px; -webkit-text-stroke-width: 0px; white-space: pre-wrap; background-color: rgb(255, 255, 255); text-decoration-thickness: initial; text-decoration-style: initial; text-decoration-color: initial; font-size: 15px;\">Nettoyeur pression à batterie DinGQI disponible avec dès prix chock <span class=\"html-span xexx8yu xyri2b x18d9i69 x1c1uobl x1hl2dhg x16tdsg8 x1vvkbs x3nfvp2 x1j61x8r x1fcty0u xdj266r xat24cr xm2jcoa x1mpyi22 xxymvpz xlup9mm x1kky2od\" style=\"text-decoration: none; text-align: inherit; padding: 0px; overflow-wrap: break-word; margin: 0px 1px; font-weight: 400; font-style: normal; display: inline-flex; vertical-align: middle; width: 16px; height: 16px; font-family: inherit;\"><img height=\"16\" width=\"16\" class=\"xz74otr x15mokao x1ga7v0g x16uus16 xbiv7yw\" alt=\"🔥\" referrerpolicy=\"origin-when-cross-origin\" src=\"https://static.xx.fbcdn.net/images/emoji.php/v9/t50/1/16/1f525.png\" style=\"border: 0px; border-radius: 0px; object-fit: fill;\"></span><span class=\"html-span xexx8yu xyri2b x18d9i69 x1c1uobl x1hl2dhg x16tdsg8 x1vvkbs x3nfvp2 x1j61x8r x1fcty0u xdj266r xat24cr xm2jcoa x1mpyi22 xxymvpz xlup9mm x1kky2od\" style=\"text-decoration: none; text-align: inherit; padding: 0px; overflow-wrap: break-word; margin: 0px 1px; font-weight: 400; font-style: normal; display: inline-flex; vertical-align: middle; width: 16px; height: 16px; font-family: inherit;\"><img height=\"16\" width=\"16\" class=\"xz74otr x15mokao x1ga7v0g x16uus16 xbiv7yw\" alt=\"🔥\" referrerpolicy=\"origin-when-cross-origin\" src=\"https://static.xx.fbcdn.net/images/emoji.php/v9/t50/1/16/1f525.png\" style=\"border: 0px; border-radius: 0px; object-fit: fill;\"></span> </div><div dir=\"auto\" style=\"font-family: &quot;Segoe UI Historic&quot;, &quot;Segoe UI&quot;, Helvetica, Arial, sans-serif; color: rgb(8, 8, 9); font-style: normal; font-variant-ligatures: normal; font-variant-caps: normal; font-weight: 400; letter-spacing: normal; orphans: 2; text-align: start; text-indent: 0px; text-transform: none; widows: 2; word-spacing: 0px; -webkit-text-stroke-width: 0px; white-space: pre-wrap; background-color: rgb(255, 255, 255); text-decoration-thickness: initial; text-decoration-style: initial; text-decoration-color: initial; font-size: 15px;\">لا عناء من اليوم مع غسالة الضغط ذات الجودة العالمية التي تعمل با البطارية و تدوم ل <strong>6 ساعات دون توقف</strong> كما انها تحتوي على بطاريتين ذات ال 22 فولت كما ان لها رؤوس متعددة و <strong>من السهل اخذها لاي مكان تريده</strong> دون ان ننسى تسهيلاتها في الاعمال المنزلية <span class=\"html-span xexx8yu xyri2b x18d9i69 x1c1uobl x1hl2dhg x16tdsg8 x1vvkbs x3nfvp2 x1j61x8r x1fcty0u xdj266r xat24cr xm2jcoa x1mpyi22 xxymvpz xlup9mm x1kky2od\" style=\"text-decoration: none; text-align: inherit; padding: 0px; overflow-wrap: break-word; margin: 0px 1px; font-weight: 400; font-style: normal; display: inline-flex; vertical-align: middle; width: 16px; height: 16px; font-family: inherit;\"><img height=\"16\" width=\"16\" class=\"xz74otr x15mokao x1ga7v0g x16uus16 xbiv7yw\" alt=\"🔥\" referrerpolicy=\"origin-when-cross-origin\" src=\"https://static.xx.fbcdn.net/images/emoji.php/v9/t50/1/16/1f525.png\" style=\"border: 0px; border-radius: 0px; object-fit: fill;\"></span><span class=\"html-span xexx8yu xyri2b x18d9i69 x1c1uobl x1hl2dhg x16tdsg8 x1vvkbs x3nfvp2 x1j61x8r x1fcty0u xdj266r xat24cr xm2jcoa x1mpyi22 xxymvpz xlup9mm x1kky2od\" style=\"text-decoration: none; text-align: inherit; padding: 0px; overflow-wrap: break-word; margin: 0px 1px; font-weight: 400; font-style: normal; display: inline-flex; vertical-align: middle; width: 16px; height: 16px; font-family: inherit;\"><img height=\"16\" width=\"16\" class=\"xz74otr x15mokao x1ga7v0g x16uus16 xbiv7yw\" alt=\"🔥\" referrerpolicy=\"origin-when-cross-origin\" src=\"https://static.xx.fbcdn.net/images/emoji.php/v9/t50/1/16/1f525.png\" style=\"border: 0px; border-radius: 0px; object-fit: fill;\"></span><span class=\"html-span xexx8yu xyri2b x18d9i69 x1c1uobl x1hl2dhg x16tdsg8 x1vvkbs x3nfvp2 x1j61x8r x1fcty0u xdj266r xat24cr xm2jcoa x1mpyi22 xxymvpz xlup9mm x1kky2od\" style=\"text-decoration: none; text-align: inherit; padding: 0px; overflow-wrap: break-word; margin: 0px 1px; font-weight: 400; font-style: normal; display: inline-flex; vertical-align: middle; width: 16px; height: 16px; font-family: inherit;\"><img height=\"16\" width=\"16\" class=\"xz74otr x15mokao x1ga7v0g x16uus16 xbiv7yw\" alt=\"🔥\" referrerpolicy=\"origin-when-cross-origin\" src=\"https://static.xx.fbcdn.net/images/emoji.php/v9/t50/1/16/1f525.png\" style=\"border: 0px; border-radius: 0px; object-fit: fill;\"></span><span class=\"html-span xexx8yu xyri2b x18d9i69 x1c1uobl x1hl2dhg x16tdsg8 x1vvkbs x3nfvp2 x1j61x8r x1fcty0u xdj266r xat24cr xm2jcoa x1mpyi22 xxymvpz xlup9mm x1kky2od\" style=\"text-decoration: none; text-align: inherit; padding: 0px; overflow-wrap: break-word; margin: 0px 1px; font-weight: 400; font-style: normal; display: inline-flex; vertical-align: middle; width: 16px; height: 16px; font-family: inherit;\"><img height=\"16\" width=\"16\" class=\"xz74otr x15mokao x1ga7v0g x16uus16 xbiv7yw\" alt=\"🔥\" referrerpolicy=\"origin-when-cross-origin\" src=\"https://static.xx.fbcdn.net/images/emoji.php/v9/t50/1/16/1f525.png\" style=\"border: 0px; border-radius: 0px; object-fit: fill;\"></span><span class=\"html-span xexx8yu xyri2b x18d9i69 x1c1uobl x1hl2dhg x16tdsg8 x1vvkbs x3nfvp2 x1j61x8r x1fcty0u xdj266r xat24cr xm2jcoa x1mpyi22 xxymvpz xlup9mm x1kky2od\" style=\"text-decoration: none; text-align: inherit; padding: 0px; overflow-wrap: break-word; margin: 0px 1px; font-weight: 400; font-style: normal; display: inline-flex; vertical-align: middle; width: 16px; height: 16px; font-family: inherit;\"><img height=\"16\" width=\"16\" class=\"xz74otr x15mokao x1ga7v0g x16uus16 xbiv7yw\" alt=\"🔥\" referrerpolicy=\"origin-when-cross-origin\" src=\"https://static.xx.fbcdn.net/images/emoji.php/v9/t50/1/16/1f525.png\" style=\"border: 0px; border-radius: 0px; object-fit: fill;\"></span><span class=\"html-span xexx8yu xyri2b x18d9i69 x1c1uobl x1hl2dhg x16tdsg8 x1vvkbs x3nfvp2 x1j61x8r x1fcty0u xdj266r xat24cr xm2jcoa x1mpyi22 xxymvpz xlup9mm x1kky2od\" style=\"text-decoration: none; text-align: inherit; padding: 0px; overflow-wrap: break-word; margin: 0px 1px; font-weight: 400; font-style: normal; display: inline-flex; vertical-align: middle; width: 16px; height: 16px; font-family: inherit;\"><img height=\"16\" width=\"16\" class=\"xz74otr x15mokao x1ga7v0g x16uus16 xbiv7yw\" alt=\"🔥\" referrerpolicy=\"origin-when-cross-origin\" src=\"https://static.xx.fbcdn.net/images/emoji.php/v9/t50/1/16/1f525.png\" style=\"border: 0px; border-radius: 0px; object-fit: fill;\"></span><span class=\"html-span xexx8yu xyri2b x18d9i69 x1c1uobl x1hl2dhg x16tdsg8 x1vvkbs x3nfvp2 x1j61x8r x1fcty0u xdj266r xat24cr xm2jcoa x1mpyi22 xxymvpz xlup9mm x1kky2od\" style=\"text-decoration: none; text-align: inherit; padding: 0px; overflow-wrap: break-word; margin: 0px 1px; font-weight: 400; font-style: normal; display: inline-flex; vertical-align: middle; width: 16px; height: 16px; font-family: inherit;\"><img height=\"16\" width=\"16\" class=\"xz74otr x15mokao x1ga7v0g x16uus16 xbiv7yw\" alt=\"🔥\" referrerpolicy=\"origin-when-cross-origin\" src=\"https://static.xx.fbcdn.net/images/emoji.php/v9/t50/1/16/1f525.png\" style=\"border: 0px; border-radius: 0px; object-fit: fill;\"></span><span class=\"html-span xexx8yu xyri2b x18d9i69 x1c1uobl x1hl2dhg x16tdsg8 x1vvkbs x3nfvp2 x1j61x8r x1fcty0u xdj266r xat24cr xm2jcoa x1mpyi22 xxymvpz xlup9mm x1kky2od\" style=\"text-decoration: none; text-align: inherit; padding: 0px; overflow-wrap: break-word; margin: 0px 1px; font-weight: 400; font-style: normal; display: inline-flex; vertical-align: middle; width: 16px; height: 16px; font-family: inherit;\"><img height=\"16\" width=\"16\" class=\"xz74otr x15mokao x1ga7v0g x16uus16 xbiv7yw\" alt=\"🔥\" referrerpolicy=\"origin-when-cross-origin\" src=\"https://static.xx.fbcdn.net/images/emoji.php/v9/t50/1/16/1f525.png\" style=\"border: 0px; border-radius: 0px; object-fit: fill;\"></span></div><div dir=\"auto\" style=\"font-family: &quot;Segoe UI Historic&quot;, &quot;Segoe UI&quot;, Helvetica, Arial, sans-serif; color: rgb(8, 8, 9); font-style: normal; font-variant-ligatures: normal; font-variant-caps: normal; font-weight: 400; letter-spacing: normal; orphans: 2; text-align: start; text-indent: 0px; text-transform: none; widows: 2; word-spacing: 0px; -webkit-text-stroke-width: 0px; white-space: pre-wrap; background-color: rgb(255, 255, 255); text-decoration-thickness: initial; text-decoration-style: initial; text-decoration-color: initial; font-size: 15px;\">هذا المنتج من افضل المنتجات امسهلة للحيات اليومية و اقتصادية للمياه    .</div><div dir=\"auto\" style=\"font-family: &quot;Segoe UI Historic&quot;, &quot;Segoe UI&quot;, Helvetica, Arial, sans-serif; color: rgb(8, 8, 9); font-style: normal; font-variant-ligatures: normal; font-variant-caps: normal; font-weight: 400; letter-spacing: normal; orphans: 2; text-align: start; text-indent: 0px; text-transform: none; widows: 2; word-spacing: 0px; -webkit-text-stroke-width: 0px; white-space: pre-wrap; background-color: rgb(255, 255, 255); text-decoration-thickness: initial; text-decoration-style: initial; text-decoration-color: initial; font-size: 15px;\">لا تترددو في اقتنائها  </div>',4000.00,'2025-08-28','2025-08-30',2,14,0,NULL,4000.00,500.00,2.00,4500.00,'2025-08-10 16:06:36','2025-08-10 16:06:36',0,2,NULL),(65,'فرش تنظيف كهربائية للآلات','<div dir=\"auto\" style=\"font-family: &quot;Segoe UI Historic&quot;, &quot;Segoe UI&quot;, Helvetica, Arial, sans-serif; color: rgb(8, 8, 9); font-size: 15px; font-style: normal; font-variant-ligatures: normal; font-variant-caps: normal; font-weight: 400; letter-spacing: normal; orphans: 2; text-align: start; text-indent: 0px; text-transform: none; widows: 2; word-spacing: 0px; -webkit-text-stroke-width: 0px; white-space: pre-wrap; background-color: rgb(255, 255, 255); text-decoration-thickness: initial; text-decoration-style: initial; text-decoration-color: initial;\">brosse nettoyage perceuse<span class=\"html-span xexx8yu xyri2b x18d9i69 x1c1uobl x1hl2dhg x16tdsg8 x1vvkbs x3nfvp2 x1j61x8r x1fcty0u xdj266r xat24cr xm2jcoa x1mpyi22 xxymvpz xlup9mm x1kky2od\" style=\"text-decoration: none; text-align: inherit; padding: 0px; overflow-wrap: break-word; margin: 0px 1px; font-weight: 400; font-style: normal; display: inline-flex; vertical-align: middle; width: 16px; height: 16px; font-family: inherit;\"><img height=\"16\" width=\"16\" class=\"xz74otr x15mokao x1ga7v0g x16uus16 xbiv7yw\" alt=\"🔥\" referrerpolicy=\"origin-when-cross-origin\" src=\"https://static.xx.fbcdn.net/images/emoji.php/v9/t50/1/16/1f525.png\" style=\"border: 0px; border-radius: 0px; object-fit: fill;\"></span><span class=\"html-span xexx8yu xyri2b x18d9i69 x1c1uobl x1hl2dhg x16tdsg8 x1vvkbs x3nfvp2 x1j61x8r x1fcty0u xdj266r xat24cr xm2jcoa x1mpyi22 xxymvpz xlup9mm x1kky2od\" style=\"text-decoration: none; text-align: inherit; padding: 0px; overflow-wrap: break-word; margin: 0px 1px; font-weight: 400; font-style: normal; display: inline-flex; vertical-align: middle; width: 16px; height: 16px; font-family: inherit;\"><img height=\"16\" width=\"16\" class=\"xz74otr x15mokao x1ga7v0g x16uus16 xbiv7yw\" alt=\"🔥\" referrerpolicy=\"origin-when-cross-origin\" src=\"https://static.xx.fbcdn.net/images/emoji.php/v9/t50/1/16/1f525.png\" style=\"border: 0px; border-radius: 0px; object-fit: fill;\"></span><span class=\"html-span xexx8yu xyri2b x18d9i69 x1c1uobl x1hl2dhg x16tdsg8 x1vvkbs x3nfvp2 x1j61x8r x1fcty0u xdj266r xat24cr xm2jcoa x1mpyi22 xxymvpz xlup9mm x1kky2od\" style=\"text-decoration: none; text-align: inherit; padding: 0px; overflow-wrap: break-word; margin: 0px 1px; font-weight: 400; font-style: normal; display: inline-flex; vertical-align: middle; width: 16px; height: 16px; font-family: inherit;\"><img height=\"16\" width=\"16\" class=\"xz74otr x15mokao x1ga7v0g x16uus16 xbiv7yw\" alt=\"🔥\" referrerpolicy=\"origin-when-cross-origin\" src=\"https://static.xx.fbcdn.net/images/emoji.php/v9/t50/1/16/1f525.png\" style=\"border: 0px; border-radius: 0px; object-fit: fill;\"></span> </div><div dir=\"auto\" style=\"font-family: &quot;Segoe UI Historic&quot;, &quot;Segoe UI&quot;, Helvetica, Arial, sans-serif; color: rgb(8, 8, 9); font-size: 15px; font-style: normal; font-variant-ligatures: normal; font-variant-caps: normal; font-weight: 400; letter-spacing: normal; orphans: 2; text-align: start; text-indent: 0px; text-transform: none; widows: 2; word-spacing: 0px; -webkit-text-stroke-width: 0px; white-space: pre-wrap; background-color: rgb(255, 255, 255); text-decoration-thickness: initial; text-decoration-style: initial; text-decoration-color: initial;\">محلنا يوفر لكم جميع الادوات الموفرة للجهد </div><div dir=\"auto\" style=\"font-family: &quot;Segoe UI Historic&quot;, &quot;Segoe UI&quot;, Helvetica, Arial, sans-serif; color: rgb(8, 8, 9); font-size: 15px; font-style: normal; font-variant-ligatures: normal; font-variant-caps: normal; font-weight: 400; letter-spacing: normal; orphans: 2; text-align: start; text-indent: 0px; text-transform: none; widows: 2; word-spacing: 0px; -webkit-text-stroke-width: 0px; white-space: pre-wrap; background-color: rgb(255, 255, 255); text-decoration-thickness: initial; text-decoration-style: initial; text-decoration-color: initial;\"><span class=\"html-span xdj266r x14z9mp xat24cr x1lziwak xexx8yu xyri2b x18d9i69 x1c1uobl x1hl2dhg x16tdsg8 x1vvkbs\" style=\"text-decoration: none; margin: 0px; text-align: inherit; padding: 0px; overflow-wrap: break-word; font-family: inherit;\"></span>فرشات مساعدة لجميع  الاشغال اليدوية <span class=\"html-span xexx8yu xyri2b x18d9i69 x1c1uobl x1hl2dhg x16tdsg8 x1vvkbs x3nfvp2 x1j61x8r x1fcty0u xdj266r xat24cr xm2jcoa x1mpyi22 xxymvpz xlup9mm x1kky2od\" style=\"text-decoration: none; text-align: inherit; padding: 0px; overflow-wrap: break-word; margin: 0px 1px; font-weight: 400; font-style: normal; display: inline-flex; vertical-align: middle; width: 16px; height: 16px; font-family: inherit;\"><img height=\"16\" width=\"16\" class=\"xz74otr x15mokao x1ga7v0g x16uus16 xbiv7yw\" alt=\"😍\" referrerpolicy=\"origin-when-cross-origin\" src=\"https://static.xx.fbcdn.net/images/emoji.php/v9/t2/1/16/1f60d.png\" style=\"border: 0px; border-radius: 0px; object-fit: fill;\"></span><span class=\"html-span xexx8yu xyri2b x18d9i69 x1c1uobl x1hl2dhg x16tdsg8 x1vvkbs x3nfvp2 x1j61x8r x1fcty0u xdj266r xat24cr xm2jcoa x1mpyi22 xxymvpz xlup9mm x1kky2od\" style=\"text-decoration: none; text-align: inherit; padding: 0px; overflow-wrap: break-word; margin: 0px 1px; font-weight: 400; font-style: normal; display: inline-flex; vertical-align: middle; width: 16px; height: 16px; font-family: inherit;\"><img height=\"16\" width=\"16\" class=\"xz74otr x15mokao x1ga7v0g x16uus16 xbiv7yw\" alt=\"😍\" referrerpolicy=\"origin-when-cross-origin\" src=\"https://static.xx.fbcdn.net/images/emoji.php/v9/t2/1/16/1f60d.png\" style=\"border: 0px; border-radius: 0px; object-fit: fill;\"></span></div><div dir=\"auto\" style=\"font-family: &quot;Segoe UI Historic&quot;, &quot;Segoe UI&quot;, Helvetica, Arial, sans-serif; color: rgb(8, 8, 9); font-size: 15px; font-style: normal; font-variant-ligatures: normal; font-variant-caps: normal; font-weight: 400; letter-spacing: normal; orphans: 2; text-align: start; text-indent: 0px; text-transform: none; widows: 2; word-spacing: 0px; -webkit-text-stroke-width: 0px; white-space: pre-wrap; background-color: rgb(255, 255, 255); text-decoration-thickness: initial; text-decoration-style: initial; text-decoration-color: initial;\">وايضا بسعر مغري جدا كما عودناكم <span class=\"html-span xexx8yu xyri2b x18d9i69 x1c1uobl x1hl2dhg x16tdsg8 x1vvkbs x3nfvp2 x1j61x8r x1fcty0u xdj266r xat24cr xm2jcoa x1mpyi22 xxymvpz xlup9mm x1kky2od\" style=\"text-decoration: none; text-align: inherit; padding: 0px; overflow-wrap: break-word; margin: 0px 1px; font-weight: 400; font-style: normal; display: inline-flex; vertical-align: middle; width: 16px; height: 16px; font-family: inherit;\"><img height=\"16\" width=\"16\" class=\"xz74otr x15mokao x1ga7v0g x16uus16 xbiv7yw\" alt=\"😊\" referrerpolicy=\"origin-when-cross-origin\" src=\"https://static.xx.fbcdn.net/images/emoji.php/v9/t7f/1/16/1f60a.png\" style=\"border: 0px; border-radius: 0px; object-fit: fill;\"></span><span class=\"html-span xexx8yu xyri2b x18d9i69 x1c1uobl x1hl2dhg x16tdsg8 x1vvkbs x3nfvp2 x1j61x8r x1fcty0u xdj266r xat24cr xm2jcoa x1mpyi22 xxymvpz xlup9mm x1kky2od\" style=\"text-decoration: none; text-align: inherit; padding: 0px; overflow-wrap: break-word; margin: 0px 1px; font-weight: 400; font-style: normal; display: inline-flex; vertical-align: middle; width: 16px; height: 16px; font-family: inherit;\"><img height=\"16\" width=\"16\" class=\"xz74otr x15mokao x1ga7v0g x16uus16 xbiv7yw\" alt=\"😊\" referrerpolicy=\"origin-when-cross-origin\" src=\"https://static.xx.fbcdn.net/images/emoji.php/v9/t7f/1/16/1f60a.png\" style=\"border: 0px; border-radius: 0px; object-fit: fill;\"></span></div><br class=\"Apple-interchange-newline\">',500.00,'2025-08-10','2025-08-14',8,17,0,NULL,400.00,150.00,2.00,550.00,'2025-08-10 16:06:36','2025-08-11 15:02:17',0,2,NULL),(70,'erwrw','<p>werwrwer<br></p>',NULL,NULL,NULL,2,2,1,'meter',30.00,10.00,0.00,40.00,'2025-08-11 00:14:32','2025-08-11 00:14:32',0,2,NULL),(71,'new product','<p>description of a new ptoduct<br></p>',NULL,NULL,NULL,17,18,0,NULL,2000.00,500.00,2.00,2500.00,'2025-08-11 09:17:15','2025-08-11 09:17:15',0,2,NULL),(72,'another new product ','<p>decription of&nbsp;another new product </p>',NULL,NULL,NULL,16,15,0,'ampere',500.00,100.00,0.00,600.00,'2025-08-11 09:44:05','2025-08-11 10:30:04',0,2,NULL),(73,'NEW','<p>NEW<br></p>',NULL,NULL,NULL,16,15,0,'liter',4000.00,1000.00,0.00,5000.00,'2025-08-11 21:46:19','2025-08-11 21:52:56',0,2,NULL),(74,'another new product','<p>another new product</p>',NULL,NULL,NULL,14,11,1,'volt',200.00,100.00,2.00,300.00,'2025-08-12 09:06:21','2025-08-12 09:06:21',0,2,NULL),(75,'aaa','<p>description aaa</p>',650.00,'2025-08-17','2025-08-22',16,15,0,NULL,500.00,200.00,2.00,700.00,'2025-08-12 09:18:00','2025-08-17 16:48:15',0,NULL,NULL),(76,'product without variants','<p><span style=\"background-color: rgb(255, 255, 0);\">testing a product that doesn\'t have variants</span></p>',1400.00,'2025-08-11','2025-08-14',2,2,0,NULL,1000.00,500.00,2.00,1500.00,'2025-08-12 11:10:55','2025-08-12 11:36:07',0,2,NULL),(77,'testing product with وحدة القياس','<p><strong>testing product with وحدة القياس</strong></p>',NULL,NULL,NULL,15,12,1,'meter',300.00,200.00,0.00,500.00,'2025-08-12 11:28:13','2025-08-12 11:33:47',0,2,NULL),(78,'product with variants','<p><u>descriptioon of&nbsp;product with variants</u></p>',NULL,NULL,NULL,8,17,0,NULL,200.00,200.00,0.00,400.00,'2025-08-12 11:39:01','2025-08-12 11:39:01',0,2,NULL),(79,'kirbyMeter','<p>weqerqwer<br><br></p>',NULL,NULL,NULL,2,1,0,'meter',200.00,200.00,5.00,400.00,'2025-08-13 09:19:28','2025-08-15 15:27:23',0,NULL,NULL),(80,'ADJUSTABLE WRENCH 150MM(6\")','<p>🔧 Tolsen – Clé à molette réglable 150 mm (6\")<br>📏 Ajustable pour s’adapter à plusieurs tailles d’écrous et boulons<br>💪 Acier de haute qualité pour une solidité et durabilité maximales<br><br>✨ Parfaite pour : bricolage 🛠️, mécanique 🚗, plomberie 🚰<br><br>💰 Prix : 850 DA<br>🚚 Livraison rapide partout en Algérie 🇩🇿<br>📦 Produit 100% neuf et emballé d’origine<br><br>📲 Commande par inbox ou via WhatsApp 📞</p>',NULL,NULL,NULL,8,7,0,NULL,650.00,200.00,15.00,850.00,'2025-08-13 17:13:24','2025-08-13 17:13:24',0,2,NULL),(81,'testkirb','<p>rewrewrew</p>',NULL,NULL,NULL,2,1,0,NULL,210.00,100.00,5.00,310.00,'2025-08-14 04:04:43','2025-08-14 04:04:43',0,NULL,NULL),(84,'test new features ','<p>description of&nbsp;test new features </p>',NULL,NULL,NULL,2,1,0,NULL,150.00,50.00,5.00,200.00,'2025-08-14 09:35:20','2025-08-14 09:35:20',0,5,'15308'),(85,'test new features with variants','<p>description of&nbsp;test new features with variants</p>',NULL,NULL,NULL,8,7,0,NULL,250.00,50.00,0.00,300.00,'2025-08-14 09:38:12','2025-08-14 09:38:12',0,NULL,'15408');
/*!40000 ALTER TABLE `products` ENABLE KEYS */;
UNLOCK TABLES;

--
-- Table structure for table `push_subscriptions`
--

DROP TABLE IF EXISTS `push_subscriptions`;
/*!40101 SET @saved_cs_client     = @@character_set_client */;
/*!50503 SET character_set_client = utf8mb4 */;
CREATE TABLE `push_subscriptions` (
  `id` int NOT NULL AUTO_INCREMENT,
  `user_id` int NOT NULL,
  `endpoint` text NOT NULL,
  `subscription_keys` json NOT NULL,
  `created_at` timestamp NULL DEFAULT CURRENT_TIMESTAMP,
  PRIMARY KEY (`id`),
  KEY `user_id` (`user_id`),
  CONSTRAINT `push_subscriptions_ibfk_1` FOREIGN KEY (`user_id`) REFERENCES `users` (`id`) ON DELETE CASCADE
) ENGINE=InnoDB AUTO_INCREMENT=67 DEFAULT CHARSET=utf8mb4 COLLATE=utf8mb4_0900_ai_ci;
/*!40101 SET character_set_client = @saved_cs_client */;

--
-- Dumping data for table `push_subscriptions`
--

LOCK TABLES `push_subscriptions` WRITE;
/*!40000 ALTER TABLE `push_subscriptions` DISABLE KEYS */;
INSERT INTO `push_subscriptions` VALUES (11,4,'https://fcm.googleapis.com/fcm/send/cXNjvYYb-hM:APA91bHeHbG4o8O2HMfAwRUlo5BaXnIqSnBe78XnYzAxp6qworSpcdqtNZ_DIQRmX1Nbd5YwfjlsqNpLITF6HoEtWD8VSSHenNzmVdD9JdkMCadvAeHuZu9KryTRC0A9VVxmVI7ucfcn','{\"auth\": \"D84g5g9z1mQlGHZ5IuMthg\", \"p256dh\": \"BMLwVlK_iO5Eey3k8EFetugwoxM9SIdgvWLuPmcpWp3ZBCLVDj03SoY-PwBxkq5kguBi16GTMGy0raVUZd_r9ig\"}','2025-08-05 03:06:51'),(12,4,'https://fcm.googleapis.com/fcm/send/eWef4Avjjsw:APA91bHCEy9opcUYLgPpgQn3JjtAam-31XPTTqRw3dJrrKs0ASv_7gdoWSrVvJb3w96Kg19jOqVkMqwUsprt40erXL3z8M895Eaz5D8CsIiUcGaTY5QYQMOpWxclTwkQlWdKmtYDVUac','{\"auth\": \"jt8U89WDq72GFhWWAazCdQ\", \"p256dh\": \"BMxnb1dt_ko16Bj88ACztMO4-xlUKmwapWLFudtuCP-YAHH_GXBcqAwQducORuUNq2Pi9xS5xydg0tW2u5GEqsU\"}','2025-08-05 03:06:52'),(13,4,'https://fcm.googleapis.com/fcm/send/dHDtxP9-zKM:APA91bEiJZvqFMtxR1P6-iPHoYdCLtpFHxJuaXHZfTVJh-Rkd7DsT7LXpU5r7KizXdvke5c4XXmDfnb5qLCVTb8dcLQOr1KiMnUcMVA1xcWcdPw4TazUd7G1RiOb12J8cS5s1pd_tiZo','{\"auth\": \"nILmr53OZmVvSpQ70b2eaw\", \"p256dh\": \"BOazUTi6xs23vM5YljOpWagLc-rQj_EB8NrQZ7B7dBIOjcre142XR_9hKAbc5bGG9H2zwJgO_ROrO-amsEBaTis\"}','2025-08-05 12:30:06'),(14,4,'https://fcm.googleapis.com/fcm/send/cb7QmjzogeA:APA91bHy8p6JEgEOBWKyRH5-WJ0AECHWvKP_XSW4fda2smzhIuj1rkd8zi-hDrFT2LiAMO6bZo-xWbGugufFYyiKQHuld-psaa_ET5DxrJDPwYsj8zXU6jiBFGY_yUHhCuZEOtUuDvjG','{\"auth\": \"Xc9B17cr2gCiO5pKvO7WBQ\", \"p256dh\": \"BGf4v-HREfrXDFsEm0Tl87GcupcCsY-NQe1Ozok92bL5w1suwwuLnp1Gc30NjceumFg8Q6R81W6FyX7iKNKtt7Q\"}','2025-08-05 12:30:07'),(15,4,'https://fcm.googleapis.com/fcm/send/cb7QmjzogeA:APA91bHy8p6JEgEOBWKyRH5-WJ0AECHWvKP_XSW4fda2smzhIuj1rkd8zi-hDrFT2LiAMO6bZo-xWbGugufFYyiKQHuld-psaa_ET5DxrJDPwYsj8zXU6jiBFGY_yUHhCuZEOtUuDvjG','{\"auth\": \"Xc9B17cr2gCiO5pKvO7WBQ\", \"p256dh\": \"BGf4v-HREfrXDFsEm0Tl87GcupcCsY-NQe1Ozok92bL5w1suwwuLnp1Gc30NjceumFg8Q6R81W6FyX7iKNKtt7Q\"}','2025-08-05 12:31:44'),(16,4,'https://fcm.googleapis.com/fcm/send/cb7QmjzogeA:APA91bHy8p6JEgEOBWKyRH5-WJ0AECHWvKP_XSW4fda2smzhIuj1rkd8zi-hDrFT2LiAMO6bZo-xWbGugufFYyiKQHuld-psaa_ET5DxrJDPwYsj8zXU6jiBFGY_yUHhCuZEOtUuDvjG','{\"auth\": \"Xc9B17cr2gCiO5pKvO7WBQ\", \"p256dh\": \"BGf4v-HREfrXDFsEm0Tl87GcupcCsY-NQe1Ozok92bL5w1suwwuLnp1Gc30NjceumFg8Q6R81W6FyX7iKNKtt7Q\"}','2025-08-05 12:31:44'),(17,4,'https://fcm.googleapis.com/fcm/send/eWef4Avjjsw:APA91bHCEy9opcUYLgPpgQn3JjtAam-31XPTTqRw3dJrrKs0ASv_7gdoWSrVvJb3w96Kg19jOqVkMqwUsprt40erXL3z8M895Eaz5D8CsIiUcGaTY5QYQMOpWxclTwkQlWdKmtYDVUac','{\"auth\": \"jt8U89WDq72GFhWWAazCdQ\", \"p256dh\": \"BMxnb1dt_ko16Bj88ACztMO4-xlUKmwapWLFudtuCP-YAHH_GXBcqAwQducORuUNq2Pi9xS5xydg0tW2u5GEqsU\"}','2025-08-05 12:37:49'),(18,4,'https://fcm.googleapis.com/fcm/send/eWef4Avjjsw:APA91bHCEy9opcUYLgPpgQn3JjtAam-31XPTTqRw3dJrrKs0ASv_7gdoWSrVvJb3w96Kg19jOqVkMqwUsprt40erXL3z8M895Eaz5D8CsIiUcGaTY5QYQMOpWxclTwkQlWdKmtYDVUac','{\"auth\": \"jt8U89WDq72GFhWWAazCdQ\", \"p256dh\": \"BMxnb1dt_ko16Bj88ACztMO4-xlUKmwapWLFudtuCP-YAHH_GXBcqAwQducORuUNq2Pi9xS5xydg0tW2u5GEqsU\"}','2025-08-05 12:37:49'),(19,4,'https://fcm.googleapis.com/fcm/send/cb7QmjzogeA:APA91bHy8p6JEgEOBWKyRH5-WJ0AECHWvKP_XSW4fda2smzhIuj1rkd8zi-hDrFT2LiAMO6bZo-xWbGugufFYyiKQHuld-psaa_ET5DxrJDPwYsj8zXU6jiBFGY_yUHhCuZEOtUuDvjG','{\"auth\": \"9wSWGux0H9xxPlFY-4hK7A\", \"p256dh\": \"BKXQw_Lo4asaA_Ukg-U8i-IE0wxsFASu3WMwMKM4RuWogyQw-QAmnuIQGoPv4oojAgAoUDPCM5yg8epO8W1akLU\"}','2025-08-05 16:03:56'),(20,4,'https://fcm.googleapis.com/fcm/send/cb7QmjzogeA:APA91bHy8p6JEgEOBWKyRH5-WJ0AECHWvKP_XSW4fda2smzhIuj1rkd8zi-hDrFT2LiAMO6bZo-xWbGugufFYyiKQHuld-psaa_ET5DxrJDPwYsj8zXU6jiBFGY_yUHhCuZEOtUuDvjG','{\"auth\": \"9wSWGux0H9xxPlFY-4hK7A\", \"p256dh\": \"BKXQw_Lo4asaA_Ukg-U8i-IE0wxsFASu3WMwMKM4RuWogyQw-QAmnuIQGoPv4oojAgAoUDPCM5yg8epO8W1akLU\"}','2025-08-05 16:03:56'),(21,4,'https://fcm.googleapis.com/fcm/send/cb7QmjzogeA:APA91bHy8p6JEgEOBWKyRH5-WJ0AECHWvKP_XSW4fda2smzhIuj1rkd8zi-hDrFT2LiAMO6bZo-xWbGugufFYyiKQHuld-psaa_ET5DxrJDPwYsj8zXU6jiBFGY_yUHhCuZEOtUuDvjG','{\"auth\": \"ymQYQqdEr6oLSxVsrSRsmw\", \"p256dh\": \"BH9OZVpWz8V8W_NBT0xgZCxVv_1kKZEQUgmnr_Z5qIjRNxDi66VlM2kDBlUioRUqsINuPmgKynqsnc0Sc8biTK0\"}','2025-08-08 14:17:43'),(22,4,'https://fcm.googleapis.com/fcm/send/cb7QmjzogeA:APA91bHy8p6JEgEOBWKyRH5-WJ0AECHWvKP_XSW4fda2smzhIuj1rkd8zi-hDrFT2LiAMO6bZo-xWbGugufFYyiKQHuld-psaa_ET5DxrJDPwYsj8zXU6jiBFGY_yUHhCuZEOtUuDvjG','{\"auth\": \"buVMylbvSqBisElXPhNFIA\", \"p256dh\": \"BMuF4oAE-GUgy7u5m4vRa-whiRQ0vwwWUiT6xKA6G646exakLce8RstVKKVXExajrGzEQO52yhVs49a62Y7P25I\"}','2025-08-11 17:12:36'),(23,4,'https://fcm.googleapis.com/fcm/send/cb7QmjzogeA:APA91bHy8p6JEgEOBWKyRH5-WJ0AECHWvKP_XSW4fda2smzhIuj1rkd8zi-hDrFT2LiAMO6bZo-xWbGugufFYyiKQHuld-psaa_ET5DxrJDPwYsj8zXU6jiBFGY_yUHhCuZEOtUuDvjG','{\"auth\": \"buVMylbvSqBisElXPhNFIA\", \"p256dh\": \"BMuF4oAE-GUgy7u5m4vRa-whiRQ0vwwWUiT6xKA6G646exakLce8RstVKKVXExajrGzEQO52yhVs49a62Y7P25I\"}','2025-08-11 17:12:36'),(24,4,'https://fcm.googleapis.com/fcm/send/cb7QmjzogeA:APA91bHy8p6JEgEOBWKyRH5-WJ0AECHWvKP_XSW4fda2smzhIuj1rkd8zi-hDrFT2LiAMO6bZo-xWbGugufFYyiKQHuld-psaa_ET5DxrJDPwYsj8zXU6jiBFGY_yUHhCuZEOtUuDvjG','{\"auth\": \"buVMylbvSqBisElXPhNFIA\", \"p256dh\": \"BMuF4oAE-GUgy7u5m4vRa-whiRQ0vwwWUiT6xKA6G646exakLce8RstVKKVXExajrGzEQO52yhVs49a62Y7P25I\"}','2025-08-11 18:37:39'),(25,4,'https://fcm.googleapis.com/fcm/send/cb7QmjzogeA:APA91bHy8p6JEgEOBWKyRH5-WJ0AECHWvKP_XSW4fda2smzhIuj1rkd8zi-hDrFT2LiAMO6bZo-xWbGugufFYyiKQHuld-psaa_ET5DxrJDPwYsj8zXU6jiBFGY_yUHhCuZEOtUuDvjG','{\"auth\": \"buVMylbvSqBisElXPhNFIA\", \"p256dh\": \"BMuF4oAE-GUgy7u5m4vRa-whiRQ0vwwWUiT6xKA6G646exakLce8RstVKKVXExajrGzEQO52yhVs49a62Y7P25I\"}','2025-08-11 18:37:39'),(26,4,'https://fcm.googleapis.com/fcm/send/cb7QmjzogeA:APA91bHy8p6JEgEOBWKyRH5-WJ0AECHWvKP_XSW4fda2smzhIuj1rkd8zi-hDrFT2LiAMO6bZo-xWbGugufFYyiKQHuld-psaa_ET5DxrJDPwYsj8zXU6jiBFGY_yUHhCuZEOtUuDvjG','{\"auth\": \"buVMylbvSqBisElXPhNFIA\", \"p256dh\": \"BMuF4oAE-GUgy7u5m4vRa-whiRQ0vwwWUiT6xKA6G646exakLce8RstVKKVXExajrGzEQO52yhVs49a62Y7P25I\"}','2025-08-11 21:01:29'),(27,4,'https://fcm.googleapis.com/fcm/send/cb7QmjzogeA:APA91bHy8p6JEgEOBWKyRH5-WJ0AECHWvKP_XSW4fda2smzhIuj1rkd8zi-hDrFT2LiAMO6bZo-xWbGugufFYyiKQHuld-psaa_ET5DxrJDPwYsj8zXU6jiBFGY_yUHhCuZEOtUuDvjG','{\"auth\": \"buVMylbvSqBisElXPhNFIA\", \"p256dh\": \"BMuF4oAE-GUgy7u5m4vRa-whiRQ0vwwWUiT6xKA6G646exakLce8RstVKKVXExajrGzEQO52yhVs49a62Y7P25I\"}','2025-08-11 21:01:29'),(28,4,'https://fcm.googleapis.com/fcm/send/eWef4Avjjsw:APA91bHCEy9opcUYLgPpgQn3JjtAam-31XPTTqRw3dJrrKs0ASv_7gdoWSrVvJb3w96Kg19jOqVkMqwUsprt40erXL3z8M895Eaz5D8CsIiUcGaTY5QYQMOpWxclTwkQlWdKmtYDVUac','{\"auth\": \"jt8U89WDq72GFhWWAazCdQ\", \"p256dh\": \"BMxnb1dt_ko16Bj88ACztMO4-xlUKmwapWLFudtuCP-YAHH_GXBcqAwQducORuUNq2Pi9xS5xydg0tW2u5GEqsU\"}','2025-08-11 23:49:21'),(29,4,'https://fcm.googleapis.com/fcm/send/eWef4Avjjsw:APA91bHCEy9opcUYLgPpgQn3JjtAam-31XPTTqRw3dJrrKs0ASv_7gdoWSrVvJb3w96Kg19jOqVkMqwUsprt40erXL3z8M895Eaz5D8CsIiUcGaTY5QYQMOpWxclTwkQlWdKmtYDVUac','{\"auth\": \"jt8U89WDq72GFhWWAazCdQ\", \"p256dh\": \"BMxnb1dt_ko16Bj88ACztMO4-xlUKmwapWLFudtuCP-YAHH_GXBcqAwQducORuUNq2Pi9xS5xydg0tW2u5GEqsU\"}','2025-08-11 23:49:21'),(30,4,'https://fcm.googleapis.com/fcm/send/cb7QmjzogeA:APA91bHy8p6JEgEOBWKyRH5-WJ0AECHWvKP_XSW4fda2smzhIuj1rkd8zi-hDrFT2LiAMO6bZo-xWbGugufFYyiKQHuld-psaa_ET5DxrJDPwYsj8zXU6jiBFGY_yUHhCuZEOtUuDvjG','{\"auth\": \"buVMylbvSqBisElXPhNFIA\", \"p256dh\": \"BMuF4oAE-GUgy7u5m4vRa-whiRQ0vwwWUiT6xKA6G646exakLce8RstVKKVXExajrGzEQO52yhVs49a62Y7P25I\"}','2025-08-12 08:51:54'),(31,4,'https://fcm.googleapis.com/fcm/send/cb7QmjzogeA:APA91bHy8p6JEgEOBWKyRH5-WJ0AECHWvKP_XSW4fda2smzhIuj1rkd8zi-hDrFT2LiAMO6bZo-xWbGugufFYyiKQHuld-psaa_ET5DxrJDPwYsj8zXU6jiBFGY_yUHhCuZEOtUuDvjG','{\"auth\": \"buVMylbvSqBisElXPhNFIA\", \"p256dh\": \"BMuF4oAE-GUgy7u5m4vRa-whiRQ0vwwWUiT6xKA6G646exakLce8RstVKKVXExajrGzEQO52yhVs49a62Y7P25I\"}','2025-08-12 08:51:54'),(32,4,'https://fcm.googleapis.com/fcm/send/cb7QmjzogeA:APA91bHy8p6JEgEOBWKyRH5-WJ0AECHWvKP_XSW4fda2smzhIuj1rkd8zi-hDrFT2LiAMO6bZo-xWbGugufFYyiKQHuld-psaa_ET5DxrJDPwYsj8zXU6jiBFGY_yUHhCuZEOtUuDvjG','{\"auth\": \"buVMylbvSqBisElXPhNFIA\", \"p256dh\": \"BMuF4oAE-GUgy7u5m4vRa-whiRQ0vwwWUiT6xKA6G646exakLce8RstVKKVXExajrGzEQO52yhVs49a62Y7P25I\"}','2025-08-12 13:28:12'),(33,4,'https://fcm.googleapis.com/fcm/send/cb7QmjzogeA:APA91bHy8p6JEgEOBWKyRH5-WJ0AECHWvKP_XSW4fda2smzhIuj1rkd8zi-hDrFT2LiAMO6bZo-xWbGugufFYyiKQHuld-psaa_ET5DxrJDPwYsj8zXU6jiBFGY_yUHhCuZEOtUuDvjG','{\"auth\": \"buVMylbvSqBisElXPhNFIA\", \"p256dh\": \"BMuF4oAE-GUgy7u5m4vRa-whiRQ0vwwWUiT6xKA6G646exakLce8RstVKKVXExajrGzEQO52yhVs49a62Y7P25I\"}','2025-08-12 13:29:03'),(34,4,'https://fcm.googleapis.com/fcm/send/cb7QmjzogeA:APA91bHy8p6JEgEOBWKyRH5-WJ0AECHWvKP_XSW4fda2smzhIuj1rkd8zi-hDrFT2LiAMO6bZo-xWbGugufFYyiKQHuld-psaa_ET5DxrJDPwYsj8zXU6jiBFGY_yUHhCuZEOtUuDvjG','{\"auth\": \"buVMylbvSqBisElXPhNFIA\", \"p256dh\": \"BMuF4oAE-GUgy7u5m4vRa-whiRQ0vwwWUiT6xKA6G646exakLce8RstVKKVXExajrGzEQO52yhVs49a62Y7P25I\"}','2025-08-12 13:29:03'),(35,4,'https://fcm.googleapis.com/fcm/send/cb7QmjzogeA:APA91bHy8p6JEgEOBWKyRH5-WJ0AECHWvKP_XSW4fda2smzhIuj1rkd8zi-hDrFT2LiAMO6bZo-xWbGugufFYyiKQHuld-psaa_ET5DxrJDPwYsj8zXU6jiBFGY_yUHhCuZEOtUuDvjG','{\"auth\": \"buVMylbvSqBisElXPhNFIA\", \"p256dh\": \"BMuF4oAE-GUgy7u5m4vRa-whiRQ0vwwWUiT6xKA6G646exakLce8RstVKKVXExajrGzEQO52yhVs49a62Y7P25I\"}','2025-08-12 13:41:03'),(36,4,'https://fcm.googleapis.com/fcm/send/cb7QmjzogeA:APA91bHy8p6JEgEOBWKyRH5-WJ0AECHWvKP_XSW4fda2smzhIuj1rkd8zi-hDrFT2LiAMO6bZo-xWbGugufFYyiKQHuld-psaa_ET5DxrJDPwYsj8zXU6jiBFGY_yUHhCuZEOtUuDvjG','{\"auth\": \"buVMylbvSqBisElXPhNFIA\", \"p256dh\": \"BMuF4oAE-GUgy7u5m4vRa-whiRQ0vwwWUiT6xKA6G646exakLce8RstVKKVXExajrGzEQO52yhVs49a62Y7P25I\"}','2025-08-12 13:41:03'),(37,4,'https://fcm.googleapis.com/fcm/send/cb7QmjzogeA:APA91bHy8p6JEgEOBWKyRH5-WJ0AECHWvKP_XSW4fda2smzhIuj1rkd8zi-hDrFT2LiAMO6bZo-xWbGugufFYyiKQHuld-psaa_ET5DxrJDPwYsj8zXU6jiBFGY_yUHhCuZEOtUuDvjG','{\"auth\": \"buVMylbvSqBisElXPhNFIA\", \"p256dh\": \"BMuF4oAE-GUgy7u5m4vRa-whiRQ0vwwWUiT6xKA6G646exakLce8RstVKKVXExajrGzEQO52yhVs49a62Y7P25I\"}','2025-08-12 13:42:12'),(38,4,'https://fcm.googleapis.com/fcm/send/cb7QmjzogeA:APA91bHy8p6JEgEOBWKyRH5-WJ0AECHWvKP_XSW4fda2smzhIuj1rkd8zi-hDrFT2LiAMO6bZo-xWbGugufFYyiKQHuld-psaa_ET5DxrJDPwYsj8zXU6jiBFGY_yUHhCuZEOtUuDvjG','{\"auth\": \"buVMylbvSqBisElXPhNFIA\", \"p256dh\": \"BMuF4oAE-GUgy7u5m4vRa-whiRQ0vwwWUiT6xKA6G646exakLce8RstVKKVXExajrGzEQO52yhVs49a62Y7P25I\"}','2025-08-12 13:42:12'),(39,4,'https://fcm.googleapis.com/fcm/send/cb7QmjzogeA:APA91bHy8p6JEgEOBWKyRH5-WJ0AECHWvKP_XSW4fda2smzhIuj1rkd8zi-hDrFT2LiAMO6bZo-xWbGugufFYyiKQHuld-psaa_ET5DxrJDPwYsj8zXU6jiBFGY_yUHhCuZEOtUuDvjG','{\"auth\": \"buVMylbvSqBisElXPhNFIA\", \"p256dh\": \"BMuF4oAE-GUgy7u5m4vRa-whiRQ0vwwWUiT6xKA6G646exakLce8RstVKKVXExajrGzEQO52yhVs49a62Y7P25I\"}','2025-08-12 13:46:51'),(40,4,'https://fcm.googleapis.com/fcm/send/cb7QmjzogeA:APA91bHy8p6JEgEOBWKyRH5-WJ0AECHWvKP_XSW4fda2smzhIuj1rkd8zi-hDrFT2LiAMO6bZo-xWbGugufFYyiKQHuld-psaa_ET5DxrJDPwYsj8zXU6jiBFGY_yUHhCuZEOtUuDvjG','{\"auth\": \"buVMylbvSqBisElXPhNFIA\", \"p256dh\": \"BMuF4oAE-GUgy7u5m4vRa-whiRQ0vwwWUiT6xKA6G646exakLce8RstVKKVXExajrGzEQO52yhVs49a62Y7P25I\"}','2025-08-12 13:46:51'),(41,4,'https://fcm.googleapis.com/fcm/send/cb7QmjzogeA:APA91bHy8p6JEgEOBWKyRH5-WJ0AECHWvKP_XSW4fda2smzhIuj1rkd8zi-hDrFT2LiAMO6bZo-xWbGugufFYyiKQHuld-psaa_ET5DxrJDPwYsj8zXU6jiBFGY_yUHhCuZEOtUuDvjG','{\"auth\": \"buVMylbvSqBisElXPhNFIA\", \"p256dh\": \"BMuF4oAE-GUgy7u5m4vRa-whiRQ0vwwWUiT6xKA6G646exakLce8RstVKKVXExajrGzEQO52yhVs49a62Y7P25I\"}','2025-08-12 13:46:57'),(42,4,'https://fcm.googleapis.com/fcm/send/cb7QmjzogeA:APA91bHy8p6JEgEOBWKyRH5-WJ0AECHWvKP_XSW4fda2smzhIuj1rkd8zi-hDrFT2LiAMO6bZo-xWbGugufFYyiKQHuld-psaa_ET5DxrJDPwYsj8zXU6jiBFGY_yUHhCuZEOtUuDvjG','{\"auth\": \"buVMylbvSqBisElXPhNFIA\", \"p256dh\": \"BMuF4oAE-GUgy7u5m4vRa-whiRQ0vwwWUiT6xKA6G646exakLce8RstVKKVXExajrGzEQO52yhVs49a62Y7P25I\"}','2025-08-12 13:46:57'),(43,4,'https://fcm.googleapis.com/fcm/send/cb7QmjzogeA:APA91bHy8p6JEgEOBWKyRH5-WJ0AECHWvKP_XSW4fda2smzhIuj1rkd8zi-hDrFT2LiAMO6bZo-xWbGugufFYyiKQHuld-psaa_ET5DxrJDPwYsj8zXU6jiBFGY_yUHhCuZEOtUuDvjG','{\"auth\": \"buVMylbvSqBisElXPhNFIA\", \"p256dh\": \"BMuF4oAE-GUgy7u5m4vRa-whiRQ0vwwWUiT6xKA6G646exakLce8RstVKKVXExajrGzEQO52yhVs49a62Y7P25I\"}','2025-08-12 13:47:26'),(44,4,'https://fcm.googleapis.com/fcm/send/cb7QmjzogeA:APA91bHy8p6JEgEOBWKyRH5-WJ0AECHWvKP_XSW4fda2smzhIuj1rkd8zi-hDrFT2LiAMO6bZo-xWbGugufFYyiKQHuld-psaa_ET5DxrJDPwYsj8zXU6jiBFGY_yUHhCuZEOtUuDvjG','{\"auth\": \"buVMylbvSqBisElXPhNFIA\", \"p256dh\": \"BMuF4oAE-GUgy7u5m4vRa-whiRQ0vwwWUiT6xKA6G646exakLce8RstVKKVXExajrGzEQO52yhVs49a62Y7P25I\"}','2025-08-12 13:47:26'),(45,4,'https://fcm.googleapis.com/fcm/send/cb7QmjzogeA:APA91bHy8p6JEgEOBWKyRH5-WJ0AECHWvKP_XSW4fda2smzhIuj1rkd8zi-hDrFT2LiAMO6bZo-xWbGugufFYyiKQHuld-psaa_ET5DxrJDPwYsj8zXU6jiBFGY_yUHhCuZEOtUuDvjG','{\"auth\": \"buVMylbvSqBisElXPhNFIA\", \"p256dh\": \"BMuF4oAE-GUgy7u5m4vRa-whiRQ0vwwWUiT6xKA6G646exakLce8RstVKKVXExajrGzEQO52yhVs49a62Y7P25I\"}','2025-08-12 13:47:35'),(46,4,'https://fcm.googleapis.com/fcm/send/cb7QmjzogeA:APA91bHy8p6JEgEOBWKyRH5-WJ0AECHWvKP_XSW4fda2smzhIuj1rkd8zi-hDrFT2LiAMO6bZo-xWbGugufFYyiKQHuld-psaa_ET5DxrJDPwYsj8zXU6jiBFGY_yUHhCuZEOtUuDvjG','{\"auth\": \"buVMylbvSqBisElXPhNFIA\", \"p256dh\": \"BMuF4oAE-GUgy7u5m4vRa-whiRQ0vwwWUiT6xKA6G646exakLce8RstVKKVXExajrGzEQO52yhVs49a62Y7P25I\"}','2025-08-12 13:47:35'),(47,4,'https://fcm.googleapis.com/fcm/send/cb7QmjzogeA:APA91bHy8p6JEgEOBWKyRH5-WJ0AECHWvKP_XSW4fda2smzhIuj1rkd8zi-hDrFT2LiAMO6bZo-xWbGugufFYyiKQHuld-psaa_ET5DxrJDPwYsj8zXU6jiBFGY_yUHhCuZEOtUuDvjG','{\"auth\": \"buVMylbvSqBisElXPhNFIA\", \"p256dh\": \"BMuF4oAE-GUgy7u5m4vRa-whiRQ0vwwWUiT6xKA6G646exakLce8RstVKKVXExajrGzEQO52yhVs49a62Y7P25I\"}','2025-08-12 13:51:52'),(48,4,'https://fcm.googleapis.com/fcm/send/cb7QmjzogeA:APA91bHy8p6JEgEOBWKyRH5-WJ0AECHWvKP_XSW4fda2smzhIuj1rkd8zi-hDrFT2LiAMO6bZo-xWbGugufFYyiKQHuld-psaa_ET5DxrJDPwYsj8zXU6jiBFGY_yUHhCuZEOtUuDvjG','{\"auth\": \"buVMylbvSqBisElXPhNFIA\", \"p256dh\": \"BMuF4oAE-GUgy7u5m4vRa-whiRQ0vwwWUiT6xKA6G646exakLce8RstVKKVXExajrGzEQO52yhVs49a62Y7P25I\"}','2025-08-12 13:51:52'),(49,4,'https://fcm.googleapis.com/fcm/send/cb7QmjzogeA:APA91bHy8p6JEgEOBWKyRH5-WJ0AECHWvKP_XSW4fda2smzhIuj1rkd8zi-hDrFT2LiAMO6bZo-xWbGugufFYyiKQHuld-psaa_ET5DxrJDPwYsj8zXU6jiBFGY_yUHhCuZEOtUuDvjG','{\"auth\": \"buVMylbvSqBisElXPhNFIA\", \"p256dh\": \"BMuF4oAE-GUgy7u5m4vRa-whiRQ0vwwWUiT6xKA6G646exakLce8RstVKKVXExajrGzEQO52yhVs49a62Y7P25I\"}','2025-08-12 13:55:00'),(50,4,'https://fcm.googleapis.com/fcm/send/cb7QmjzogeA:APA91bHy8p6JEgEOBWKyRH5-WJ0AECHWvKP_XSW4fda2smzhIuj1rkd8zi-hDrFT2LiAMO6bZo-xWbGugufFYyiKQHuld-psaa_ET5DxrJDPwYsj8zXU6jiBFGY_yUHhCuZEOtUuDvjG','{\"auth\": \"buVMylbvSqBisElXPhNFIA\", \"p256dh\": \"BMuF4oAE-GUgy7u5m4vRa-whiRQ0vwwWUiT6xKA6G646exakLce8RstVKKVXExajrGzEQO52yhVs49a62Y7P25I\"}','2025-08-12 13:55:00'),(51,4,'https://fcm.googleapis.com/fcm/send/cb7QmjzogeA:APA91bHy8p6JEgEOBWKyRH5-WJ0AECHWvKP_XSW4fda2smzhIuj1rkd8zi-hDrFT2LiAMO6bZo-xWbGugufFYyiKQHuld-psaa_ET5DxrJDPwYsj8zXU6jiBFGY_yUHhCuZEOtUuDvjG','{\"auth\": \"buVMylbvSqBisElXPhNFIA\", \"p256dh\": \"BMuF4oAE-GUgy7u5m4vRa-whiRQ0vwwWUiT6xKA6G646exakLce8RstVKKVXExajrGzEQO52yhVs49a62Y7P25I\"}','2025-08-12 15:02:08'),(52,4,'https://fcm.googleapis.com/fcm/send/cb7QmjzogeA:APA91bHy8p6JEgEOBWKyRH5-WJ0AECHWvKP_XSW4fda2smzhIuj1rkd8zi-hDrFT2LiAMO6bZo-xWbGugufFYyiKQHuld-psaa_ET5DxrJDPwYsj8zXU6jiBFGY_yUHhCuZEOtUuDvjG','{\"auth\": \"buVMylbvSqBisElXPhNFIA\", \"p256dh\": \"BMuF4oAE-GUgy7u5m4vRa-whiRQ0vwwWUiT6xKA6G646exakLce8RstVKKVXExajrGzEQO52yhVs49a62Y7P25I\"}','2025-08-12 15:02:08'),(53,4,'https://fcm.googleapis.com/fcm/send/cb7QmjzogeA:APA91bHy8p6JEgEOBWKyRH5-WJ0AECHWvKP_XSW4fda2smzhIuj1rkd8zi-hDrFT2LiAMO6bZo-xWbGugufFYyiKQHuld-psaa_ET5DxrJDPwYsj8zXU6jiBFGY_yUHhCuZEOtUuDvjG','{\"auth\": \"RDQU7i8GuOUoFLBgy2TtFg\", \"p256dh\": \"BAANu0agr4tYANYtnm3tsGAAUQUiVFsQReNRiP-S6xarzDLb1tfiDIM86th2l0uELuJ8z2hYjrtyIJk45Cs8hO8\"}','2025-08-13 12:48:04'),(54,4,'https://fcm.googleapis.com/fcm/send/cb7QmjzogeA:APA91bHy8p6JEgEOBWKyRH5-WJ0AECHWvKP_XSW4fda2smzhIuj1rkd8zi-hDrFT2LiAMO6bZo-xWbGugufFYyiKQHuld-psaa_ET5DxrJDPwYsj8zXU6jiBFGY_yUHhCuZEOtUuDvjG','{\"auth\": \"RDQU7i8GuOUoFLBgy2TtFg\", \"p256dh\": \"BAANu0agr4tYANYtnm3tsGAAUQUiVFsQReNRiP-S6xarzDLb1tfiDIM86th2l0uELuJ8z2hYjrtyIJk45Cs8hO8\"}','2025-08-13 12:48:04'),(55,4,'https://fcm.googleapis.com/fcm/send/cb7QmjzogeA:APA91bHy8p6JEgEOBWKyRH5-WJ0AECHWvKP_XSW4fda2smzhIuj1rkd8zi-hDrFT2LiAMO6bZo-xWbGugufFYyiKQHuld-psaa_ET5DxrJDPwYsj8zXU6jiBFGY_yUHhCuZEOtUuDvjG','{\"auth\": \"RDQU7i8GuOUoFLBgy2TtFg\", \"p256dh\": \"BAANu0agr4tYANYtnm3tsGAAUQUiVFsQReNRiP-S6xarzDLb1tfiDIM86th2l0uELuJ8z2hYjrtyIJk45Cs8hO8\"}','2025-08-13 12:49:53'),(56,4,'https://fcm.googleapis.com/fcm/send/cb7QmjzogeA:APA91bHy8p6JEgEOBWKyRH5-WJ0AECHWvKP_XSW4fda2smzhIuj1rkd8zi-hDrFT2LiAMO6bZo-xWbGugufFYyiKQHuld-psaa_ET5DxrJDPwYsj8zXU6jiBFGY_yUHhCuZEOtUuDvjG','{\"auth\": \"RDQU7i8GuOUoFLBgy2TtFg\", \"p256dh\": \"BAANu0agr4tYANYtnm3tsGAAUQUiVFsQReNRiP-S6xarzDLb1tfiDIM86th2l0uELuJ8z2hYjrtyIJk45Cs8hO8\"}','2025-08-13 12:49:53'),(57,4,'https://fcm.googleapis.com/fcm/send/cb7QmjzogeA:APA91bHy8p6JEgEOBWKyRH5-WJ0AECHWvKP_XSW4fda2smzhIuj1rkd8zi-hDrFT2LiAMO6bZo-xWbGugufFYyiKQHuld-psaa_ET5DxrJDPwYsj8zXU6jiBFGY_yUHhCuZEOtUuDvjG','{\"auth\": \"RDQU7i8GuOUoFLBgy2TtFg\", \"p256dh\": \"BAANu0agr4tYANYtnm3tsGAAUQUiVFsQReNRiP-S6xarzDLb1tfiDIM86th2l0uELuJ8z2hYjrtyIJk45Cs8hO8\"}','2025-08-13 16:51:38'),(58,4,'https://fcm.googleapis.com/fcm/send/cb7QmjzogeA:APA91bHy8p6JEgEOBWKyRH5-WJ0AECHWvKP_XSW4fda2smzhIuj1rkd8zi-hDrFT2LiAMO6bZo-xWbGugufFYyiKQHuld-psaa_ET5DxrJDPwYsj8zXU6jiBFGY_yUHhCuZEOtUuDvjG','{\"auth\": \"RDQU7i8GuOUoFLBgy2TtFg\", \"p256dh\": \"BAANu0agr4tYANYtnm3tsGAAUQUiVFsQReNRiP-S6xarzDLb1tfiDIM86th2l0uELuJ8z2hYjrtyIJk45Cs8hO8\"}','2025-08-13 16:51:38'),(59,4,'https://fcm.googleapis.com/fcm/send/cb7QmjzogeA:APA91bHy8p6JEgEOBWKyRH5-WJ0AECHWvKP_XSW4fda2smzhIuj1rkd8zi-hDrFT2LiAMO6bZo-xWbGugufFYyiKQHuld-psaa_ET5DxrJDPwYsj8zXU6jiBFGY_yUHhCuZEOtUuDvjG','{\"auth\": \"RDQU7i8GuOUoFLBgy2TtFg\", \"p256dh\": \"BAANu0agr4tYANYtnm3tsGAAUQUiVFsQReNRiP-S6xarzDLb1tfiDIM86th2l0uELuJ8z2hYjrtyIJk45Cs8hO8\"}','2025-08-13 17:51:07'),(60,4,'https://fcm.googleapis.com/fcm/send/cb7QmjzogeA:APA91bHy8p6JEgEOBWKyRH5-WJ0AECHWvKP_XSW4fda2smzhIuj1rkd8zi-hDrFT2LiAMO6bZo-xWbGugufFYyiKQHuld-psaa_ET5DxrJDPwYsj8zXU6jiBFGY_yUHhCuZEOtUuDvjG','{\"auth\": \"RDQU7i8GuOUoFLBgy2TtFg\", \"p256dh\": \"BAANu0agr4tYANYtnm3tsGAAUQUiVFsQReNRiP-S6xarzDLb1tfiDIM86th2l0uELuJ8z2hYjrtyIJk45Cs8hO8\"}','2025-08-13 17:51:07'),(61,4,'https://fcm.googleapis.com/fcm/send/cb7QmjzogeA:APA91bHy8p6JEgEOBWKyRH5-WJ0AECHWvKP_XSW4fda2smzhIuj1rkd8zi-hDrFT2LiAMO6bZo-xWbGugufFYyiKQHuld-psaa_ET5DxrJDPwYsj8zXU6jiBFGY_yUHhCuZEOtUuDvjG','{\"auth\": \"RDQU7i8GuOUoFLBgy2TtFg\", \"p256dh\": \"BAANu0agr4tYANYtnm3tsGAAUQUiVFsQReNRiP-S6xarzDLb1tfiDIM86th2l0uELuJ8z2hYjrtyIJk45Cs8hO8\"}','2025-08-13 17:59:56'),(62,4,'https://fcm.googleapis.com/fcm/send/cb7QmjzogeA:APA91bHy8p6JEgEOBWKyRH5-WJ0AECHWvKP_XSW4fda2smzhIuj1rkd8zi-hDrFT2LiAMO6bZo-xWbGugufFYyiKQHuld-psaa_ET5DxrJDPwYsj8zXU6jiBFGY_yUHhCuZEOtUuDvjG','{\"auth\": \"RDQU7i8GuOUoFLBgy2TtFg\", \"p256dh\": \"BAANu0agr4tYANYtnm3tsGAAUQUiVFsQReNRiP-S6xarzDLb1tfiDIM86th2l0uELuJ8z2hYjrtyIJk45Cs8hO8\"}','2025-08-13 17:59:56'),(63,4,'https://fcm.googleapis.com/fcm/send/cb7QmjzogeA:APA91bHy8p6JEgEOBWKyRH5-WJ0AECHWvKP_XSW4fda2smzhIuj1rkd8zi-hDrFT2LiAMO6bZo-xWbGugufFYyiKQHuld-psaa_ET5DxrJDPwYsj8zXU6jiBFGY_yUHhCuZEOtUuDvjG','{\"auth\": \"RDQU7i8GuOUoFLBgy2TtFg\", \"p256dh\": \"BAANu0agr4tYANYtnm3tsGAAUQUiVFsQReNRiP-S6xarzDLb1tfiDIM86th2l0uELuJ8z2hYjrtyIJk45Cs8hO8\"}','2025-08-14 09:03:03'),(64,4,'https://fcm.googleapis.com/fcm/send/cb7QmjzogeA:APA91bHy8p6JEgEOBWKyRH5-WJ0AECHWvKP_XSW4fda2smzhIuj1rkd8zi-hDrFT2LiAMO6bZo-xWbGugufFYyiKQHuld-psaa_ET5DxrJDPwYsj8zXU6jiBFGY_yUHhCuZEOtUuDvjG','{\"auth\": \"RDQU7i8GuOUoFLBgy2TtFg\", \"p256dh\": \"BAANu0agr4tYANYtnm3tsGAAUQUiVFsQReNRiP-S6xarzDLb1tfiDIM86th2l0uELuJ8z2hYjrtyIJk45Cs8hO8\"}','2025-08-14 09:03:04'),(65,4,'https://fcm.googleapis.com/fcm/send/cb7QmjzogeA:APA91bHy8p6JEgEOBWKyRH5-WJ0AECHWvKP_XSW4fda2smzhIuj1rkd8zi-hDrFT2LiAMO6bZo-xWbGugufFYyiKQHuld-psaa_ET5DxrJDPwYsj8zXU6jiBFGY_yUHhCuZEOtUuDvjG','{\"auth\": \"oQx2XR2WZDxcUOy1dD88wA\", \"p256dh\": \"BHrwV7n7o29yDUy75eYuOfpm7974QuW8xs3-4PBICiZ6VPfNIYYTmF7PsCb-WOPOP0HSiEftB4P8MM5lj9y_lOg\"}','2025-08-15 17:44:17'),(66,4,'https://fcm.googleapis.com/fcm/send/cb7QmjzogeA:APA91bHy8p6JEgEOBWKyRH5-WJ0AECHWvKP_XSW4fda2smzhIuj1rkd8zi-hDrFT2LiAMO6bZo-xWbGugufFYyiKQHuld-psaa_ET5DxrJDPwYsj8zXU6jiBFGY_yUHhCuZEOtUuDvjG','{\"auth\": \"oQx2XR2WZDxcUOy1dD88wA\", \"p256dh\": \"BHrwV7n7o29yDUy75eYuOfpm7974QuW8xs3-4PBICiZ6VPfNIYYTmF7PsCb-WOPOP0HSiEftB4P8MM5lj9y_lOg\"}','2025-08-15 17:44:17');
/*!40000 ALTER TABLE `push_subscriptions` ENABLE KEYS */;
UNLOCK TABLES;

--
-- Table structure for table `refresh_tokens`
--

DROP TABLE IF EXISTS `refresh_tokens`;
/*!40101 SET @saved_cs_client     = @@character_set_client */;
/*!50503 SET character_set_client = utf8mb4 */;
CREATE TABLE `refresh_tokens` (
  `id` int NOT NULL AUTO_INCREMENT,
  `token` text NOT NULL,
  `expires_at` datetime NOT NULL,
  `user_id` int DEFAULT NULL,
  PRIMARY KEY (`id`),
  KEY `user_id` (`user_id`),
  CONSTRAINT `refresh_tokens_ibfk_1` FOREIGN KEY (`user_id`) REFERENCES `users` (`id`) ON DELETE CASCADE ON UPDATE CASCADE
) ENGINE=InnoDB AUTO_INCREMENT=290 DEFAULT CHARSET=utf8mb4 COLLATE=utf8mb4_0900_ai_ci;
/*!40101 SET character_set_client = @saved_cs_client */;

--
-- Dumping data for table `refresh_tokens`
--

LOCK TABLES `refresh_tokens` WRITE;
/*!40000 ALTER TABLE `refresh_tokens` DISABLE KEYS */;
INSERT INTO `refresh_tokens` VALUES (220,'e1064c7be06050a2780b6cddf6c5fa01569203530d0d0d8e569f90998f72af8927a8f9de3adf03bedb880860dc59a77ac8b3bf7db569087f807b732f5cf030da','2025-08-11 18:02:30',4),(221,'3437c78ba8fbc22f3e262ac8574f9b8bd31e19adc42ca0598c4957cb247be75c6b39ca2c6d2e351b2c3559df6a13b3c41f3a0e56f10c627f8f07367c0c99ba6b','2025-08-11 18:04:06',4),(222,'25cb3c299612d985c28bf533db900c2a645ebf8ffa3ff8ec15dd4f81fc4c48c5ad6d38a2f30b6184c78a6426053f9bc05ffb3a104a6f6e329630f839ebabf54b','2025-08-11 19:39:10',4),(223,'c9a39d22f11fb53e38dda8bd6249f749e6560e98a74c119c84a126da896a02f400b0bc87f65e3cc51f8bc75cf1145fcf3d9d7868d13a20d3c58585eefbe1be93','2025-08-11 19:39:56',4),(224,'a8f35ffca0069c7db762a15d08b7da2c5f0e0c4fa04434d57853dd5738fdc667c75be0bc1244575c477f51ccc49783235e29515845fd9857f8a9679082f4fbd4','2025-08-12 01:33:34',4),(225,'3b20928b53f762e88c190b51eb87f57d9f12856e3d173a4e5a05b6d56e13da417153674111f70bc4b64861ea01f420ac6036b893a36d3b975389371e21f17d32','2025-08-12 09:20:19',4),(226,'685811bd91ebec51b3c25c94d5697e023dbb812d5a0a27952169040da007f5105ef29591f823056a778800232329724a5fb71e0b8c4f73e84dbaf038ed2fa4bb','2025-08-12 11:00:16',4),(227,'208a17222c62d371805284ccbe3741f1d946b540760849ebbc9c507f6559d6e2204638b347aaea1aa31468faf2f955a0b112f8db24f3b8fd8d50b5da1deb50dd','2025-08-12 11:48:44',4),(228,'01911f24c1e26f63b6d03791484725a52655b4f6ea7a0748594b37db12a411aab24dddfb2a56071e38dcea5097f5de05406311ef71dadf3772b5a39697135af0','2025-08-12 12:36:39',4),(229,'4d8cb8c1e146fcba7267c8990e333555ec0b9040355f3334f3a96e984c317f91446215614e1948188131bb297b8f5a50ba2562d2befcb045bf9131bd8025f301','2025-08-12 13:28:26',4),(230,'8481d31e3bddd7dec3e0e0b3d71613d2c79d9e2a1639b935ad82e7797a368096cba0639c30d6458eae93b49053bb0a44032d04e39bc93dd4893fdd5e276992fb','2025-08-12 14:06:47',4),(231,'f221b4e5ad9fa3b64da27a6898d27d8afba7cb4497ca4c35268a0d6fdae29e3e324c19cda937c9cfe67432bcbcb4965680cbf0265370022dd352eb0fd9710f14','2025-08-14 21:52:54',4),(232,'d5bc83b1b9fccd13a513b58ec7769e4f09d1e27641b2ede003f78a4a9993326814534238e5261fd159bc61774e87055d5debd5192438c84c06aa7476573318d8','2025-08-14 22:08:04',4),(233,'34970790662fd9c886fc4ce86cc7be6ab4bc1d77fa488fceacb1a0e212412643be0ec0c094753a4ed5b5ee71bd48491b0a6ef87aefcec963c99c68e7178c2b2c','2025-08-14 22:08:22',4),(234,'fa52558b390f5056f463dd86cfa10bfa0fbfc15175d951c3934f70a3a4e933eca40511846352dc10ac83973f0a20d6d9e87e86e55dde378156afa891120ade1b','2025-08-14 22:08:50',4),(235,'450ab1fabb2cbf51e8963361f70055c92648d671cff184d265fc4c0bde4bdedcbd329651c5c0ed0e19a05769301e2af29f144d7e79c13baf2dedb5826b5bbd54','2025-08-14 22:09:56',4),(236,'5e6e8fc54d0c5f63da9d98273c4eade9702670205b68b9cb43214c5a2b2e6b6f379bbca22a9f63470b6219b85784413fda7ca638e089aab6d1d6cd7ff9ff0d63','2025-08-14 22:10:00',4),(237,'7f4183c61728afdbd8e34747e8907b0c6818efe023a8d8d48dc42fc2db070a5e8a97d83d92f65174c1a2f08e93985e54d37a83f880e61c8f499f7b13075b93fb','2025-08-14 22:10:45',4),(238,'c38f3591fc248c6c003ebc9026684abc3688e949b30d888e754defe92478621286f127f54146829de9584e2c323026d465bbe1ae0b263e6d1610f0c8b03959df','2025-08-14 22:11:03',4),(239,'edf3d9cb654374bc9e5d4dca2b1ec69c66e247adc73f12242bec6cd95ebbf57577b16c501437fd6796d11432799130e20925d9ea5f56ed9a874d7777e5f77107','2025-08-14 22:13:49',4),(240,'258fb81f25c0211d7b6fb991efb88d50977461ced487182c02da54a32170df2349c020e485b411c7a3dfd9d557f57ab5cd13f091a496745eeb98a55d6ff33973','2025-08-14 22:20:12',4),(241,'84183f3325bdf5757e201b49c7a446180d6000f728a5119d5ab2c38a13dea256844d80cb9b60450c18874efb890187dae23206e43151b1130cee6d068159ff09','2025-08-15 00:40:11',4),(242,'4d7eb61784e7d042f9ee1dc7cd0da97fd5c596b2da1892d46353bfd075b51c7e6d2f2a46c9e4d3e7e5bea6b40a3376c6faaeae671661da85fc540d30d25be121','2025-08-15 00:59:12',4),(243,'857f594ebe4397d585a607d7555bb76519dd4a74d13b5deb62c9e03e6fb4aee551b73d4698cad2ee44ea6643ca3b45c82602aa81ab75ff7d1e30f9a2450d8290','2025-08-15 01:02:27',4),(244,'a0f5b7657423f82c563d61c81d369b1238a262f4c0b26ac66cd8dfe1b229da3b5f3fdac77f8331ab411214eb6e59941e08ad97ba0eb338ce179c3dfe294d9f2a','2025-08-15 01:04:35',4),(245,'b77b3a5e593fc65799b7b0980689611d4f62689a18a31afbcf5f9195a9767dbe2543466f93c711a608a8fcbb4797966f1b6ec167e05531d11decdcc45cf7b1b0','2025-08-15 01:06:24',4),(246,'d0e0a71340d5acf5350e0d23f60ce7c982bb50fa487dab7cc9c57a07ff7f39aede82f94b214182d6082bd2f70051f87a499e5abaf9f611543248e45508c354e7','2025-08-15 01:06:37',4),(247,'c52adcc6316daf737b26d13b7dff6e804d154adb310ec86a6bdced985562fc285fd4703bb2a3ae5b3f0e5916cc08ab60ef8e55e0bae24e44495d3ad1e0562afa','2025-08-15 01:08:24',4),(248,'28d1f89018342771e360716f77da74f3b217dfd15d226af1da4e6d79f80286e185c447b878a79146b356c6b02dab4e8808eca811db8ae864091dab59695ae3b3','2025-08-15 01:11:04',4),(249,'64e7a036f78a15a4c8b00ed3b9adfdfa6c24bd390411cbcee23f300cd840ad70207f4666241e02a8e1414628b4a353c0fc2b9157851e8b1e3f10eb77359fd78f','2025-08-15 13:46:46',4),(250,'fbff8e4b124037d68a96c58aca61333e73781a18118bb4eadda6d4789949d8a4b175a4a9b699468169293aa41ff68239b7010db00c1a76bda6a44413d200179b','2025-08-15 13:48:14',4),(251,'7b8bac3e4c49adeb918706e51012c9fb93738a190aeb138f39d37de26a974f8c4f2f3763030b26259adf0b6e6beba0c3182946aa24cf14f0627e77426c7717a7','2025-08-15 13:50:01',4),(252,'50716a8e8ddd9af78b3615a2caecf2c2d3f248589003379cf5409e5a50f5948fa2fd532ec25b7eddcc98c2c4c40b785120c91eb76eaed7696c5fae3954fdcce5','2025-08-15 14:05:22',4),(253,'55e3a20924077f98753b9fdc09e545003d989c23e334709656052618c14240f8072f6ef25a2549f5020addfea84ecb2318bcc055ba6dbba1473298ff14c2949f','2025-08-15 14:35:55',4),(254,'c455b3083ed3ac8b8f12641f0c7818c0a19c8d609cf3d2b44730d1cdafaf947ff6df56230f34537fa7cb45e326e29134f30f2acc4976a3e03aaf8e29a7e3197d','2025-08-15 14:47:04',4),(255,'ed8ed7a61d699bf7a247b24568eb1c06786e1fff5956a6114498832e0178aeee8d3f179f83a465a62f6967987f8e515272c65fc943aa5f27d71f6ede155276f5','2025-08-15 19:08:16',4),(256,'acfd88c68616a3566d355cf05f700a0c36a5b49e16a0904aba84f3a297329a9f969bc18f12cced183edc988adb8b17fe7834d5160a856be770f3546e7d6f3325','2025-08-15 22:29:11',4),(257,'b6a9bc491d68d5aef1eac54572093177353ee6fa3673a337f6189bd233ca84fbae535b093e77e6cdb56c9b8e0952c6fd3c7275bbb747d13af46a8f10398146bf','2025-08-16 10:16:24',4),(258,'211c84ba18c6db799ebaa0c18bcc34c89402d87da7ddfa61850e85aefb84fa536815a2d7202ba971b3a71c53b2c4fce0b5a990cb590b5e66671f4ddbcea89231','2025-08-16 21:04:16',4),(259,'2fd11129dfe3f0eda75cecad02e8fc6072ce0363154e78e875998b8a97d0df2f9f6ba52f9e8c80c1fa6cbb868c99ee73140b8897ea57a81894a7b179ba8b1490','2025-08-16 21:25:00',4),(260,'e0fe113f8b2d981f837e4399f9eb491e039917379f4abd09f974dcf9731ef68c3acf272c95bb19909b3ff3dfd3d17662a0f74205e83209fa3463b211c12f1429','2025-08-17 21:23:40',4),(261,'ef68d3bbca047ddef274e2cecfd29b20bae339a4aecb87fe70bbd52066bbfb6cc23b1417cc02fd3e7b2fcd3d4b6ccdd95dcb2967da4b722b9530a5d6a1f83a77','2025-08-18 09:03:42',4),(262,'abc568e69292170ba5580b5bf1d0b546ed4dcffe25c83ed78c1115867495155520812a9924933a9afe3a432e646a5fb15c2974f009012a2d81de106863be99ae','2025-08-18 09:22:10',4),(263,'b2812455cf8aebbc99342c1b210053471abc02ecc5356ed092d1bb99658364fdb994c0e8bc575bf33812a76594b159d858b5ed65249fc8d7aa7a4f03247bb160','2025-08-18 10:52:21',4),(264,'ffebee6a6e9e2f984994c37dae034edced5f7567aa878dee6095f414f29e45b1a38eeebcf14b06bef9daa2513a7d7ac8001a3abdf54652cf24292d3653ed6502','2025-08-18 14:51:18',4),(265,'65cf1c23768aa54e48426db418f5a7f609826e2da71a0bfcdda1c16178bb45c9432bd2d0c6a90d3d7d36af2ac45a5e83817cccea17b9988886ab7141fc155fc7','2025-08-18 15:07:17',4),(266,'ce5a8f3187a4307c98a367eb91fa1582684ad744179405adfbb60f0d4d9d5304bef486b500761dbfbdc146d3afb3fac8fe55464e50aa6f62496589c14a4b6db5','2025-08-18 17:12:44',4),(267,'ccf88909f9650d4cb06f372a59fc6fef37258b0bc5fed7599056197b100dffcc1b22e654b605ef315da7438fa4e3314ec3183dd92be48f326e8f32affdc6bddb','2025-08-18 17:49:04',4),(268,'c90a4a233dda4c078a455db75046d6e171badfb6893fb81d2c29a2f36ab427ab8d579a917554fca7265ea646b1116188675f3201aafeafbfaf2a547dfe5d3276','2025-08-18 18:16:30',4),(269,'08fa4d67aa55d3d93b301a42b829432f8646cd791ebce5c758674bc9b9b7b4c5f53264cb56ca594823c0cd6fe020d66e876811132fd95a9e326a64a0f9fb92e0','2025-08-18 18:38:04',4),(270,'712fa1d378056e9b20f872977231a2de686f583eddb4ec38a046d0c097099bcb9e714bd5e9294b21d3be640c51eecd1c7976848d565c09cd28f973a1268e9778','2025-08-18 21:40:50',4),(271,'840cf5fb952d7d18f7d233be749ca96fb91128040ff14727759241c56985c47d36b29fd8ab958f85ad013dc0dc02fd61b1cfd89c568f670e1fc0647d7abb1b45','2025-08-19 08:59:23',4),(272,'bb50ed51a369c29b0f6f79b14312bec142fe83a0c7b0a4780e221c452dfc8b15300b5d0801e0c8189f8cef8a87c87683b915f91561ab528f6e7685a6297cfadc','2025-08-19 11:14:36',4),(273,'8f1b4d3c45801432630287f7fe7787d703b6b3415f01a3ef202c04fbdba1f6ad59d817a17a6f723ee643384abb182336e37085085dc309d629b27ea958f6cce0','2025-08-19 11:23:49',4),(274,'f899ff692962bc7ca8c439fd9be9077ddcc159d5d93e848596c6e36c3ed7f9d7f38b0513899b281fcc7e7be18a8c9173b4f8a5dd84dfb5719d44bc01585941fb','2025-08-19 11:49:35',4),(275,'4709e7339a01c4d71abd3bf9d1cbec0477390c039a050ece38660f7a8adbfa1b7b83a63c66f14e284f667707fd49f0e187be422897478df60dd35d32682b959f','2025-08-22 14:58:34',4),(276,'a0141ec351e488eeedbe609051af3343b73e9e95b04ce729d2459fd0b2f450956f5e9961b94c6c0eeff21d2b2ca42899cd04a70a50c09ff01cddc130b29493cd','2025-08-22 15:01:30',4),(277,'dd665c7f7fd95f8f42e33179e63061d0ad1a523f03f9e0f9cde3c2c1cb2990a3fdf2e5fd3c95e553bfc17e553bc7b36bdbb51d83b5aa7910122a96c207d55ff0','2025-08-22 15:20:35',4),(278,'b203bd8106edf96d9dfb19df215be49a3af4dfd55b59875f02dc4e51491eac030bacc5ae086cf29c7acc3b222898aaf88e28880df64760b06bf36c41ad63e341','2025-08-22 15:37:19',4),(279,'11671faa0e78c8847e43ce612503ea58cf2cd71531c7b2b3e603a5ade0b8e88b1902fe1e8146b9f65b8b3d7152baedf97464fcab79cecb97753f2b7477da3feb','2025-08-22 15:42:18',4),(280,'47a740a913d576a038d078e89569363edb633f5821e44473cdec1ebb3149af68995e5069a1933b9b50a7b48b50b1137cd502230fbe3f4466595eea4b82d76145','2025-08-22 15:51:31',4),(281,'12ca2090c9413bdbbe81343dbeb5bcac0bbd1353f4dc7ff1f1cba482b8cc6b1ed5b68b67b93fb14facac1c2a0aa225bc3f41f8a35b2f78d48053da6cf3c99363','2025-08-22 15:51:44',4),(282,'d83742ed26bb459e4aad62972e54872558e6d3b8ecf723c959bf84943ea04e70469e8b47e589f7c576a6ec73d4f1bde27df7788bfc988c2ee3faea284e8fdba0','2025-08-22 15:52:04',4),(283,'713ddbc7b1c6b08352c77a3a319b0f01a404c20fea4a82049e81a760f3162e67ed9d3f1acb62cb3377085bf0917907cf1e30a65a50bb13c1e56e3eb2e4a5c70d','2025-08-22 16:46:23',4),(284,'938fe33f8dee7ca1d30301baa4723fd7259d8e6b4075ebfe160ddf92681d2995f53de382748e93fbc09362b87e48b3e8ff4ea3c6bd9631862b240d5e5c27a152','2025-08-22 19:52:34',4),(285,'51ae85589ccd99ccc027785c9bdd0c4c5c7e7ea3dbb41edbfdfcb54d0c9b959408101468f1a71f745963ed911f92296584232327305fc8c6854e12ae02bf63aa','2025-08-23 17:46:18',4),(286,'79340177ad80f52956df4b02468959a64623bbcad935a338b65d99f219430243f6b448f5865d7d540098fb887bb96f28e2fb58befdc039f8adaf56657f8d394b','2025-08-23 17:47:38',4),(287,'6d16fc45cd47c3764377f3b8179bd83f99b8030a925c17d7afe65536dcd154a9cf9797d3fde021a73fdad155624a0bda57140564d71048fdc2008aa35fb5b4e0','2025-08-23 18:00:59',4),(288,'19f3ec4773a5c9b0a0f5bf3a3ff3eb1083480ea5622ad645d61573ef6bdbbbe035cc21dfa9f3cc58528f4bec90e6d5c4e3d722aa39b02c75b982e7b380d437da','2025-08-31 18:01:30',4),(289,'68d9bfaa47060fb86b3319537ffa1f8862bd7551abcdc9a525de932167e649de7df3363f724b4ad3cb58e61f505e16118e0a02441454c6bf62496450559ec388','2025-09-09 10:19:58',4);
/*!40000 ALTER TABLE `refresh_tokens` ENABLE KEYS */;
UNLOCK TABLES;

--
-- Table structure for table `subcategories`
--

DROP TABLE IF EXISTS `subcategories`;
/*!40101 SET @saved_cs_client     = @@character_set_client */;
/*!50503 SET character_set_client = utf8mb4 */;
CREATE TABLE `subcategories` (
  `id` int NOT NULL AUTO_INCREMENT,
  `name` varchar(100) NOT NULL,
  `category_id` int DEFAULT NULL,
  PRIMARY KEY (`id`),
  KEY `category_id` (`category_id`),
  CONSTRAINT `subcategories_ibfk_1` FOREIGN KEY (`category_id`) REFERENCES `categories` (`id`) ON DELETE SET NULL ON UPDATE CASCADE
) ENGINE=InnoDB AUTO_INCREMENT=20 DEFAULT CHARSET=utf8mb4 COLLATE=utf8mb4_0900_ai_ci;
/*!40101 SET character_set_client = @saved_cs_client */;

--
-- Dumping data for table `subcategories`
--

LOCK TABLES `subcategories` WRITE;
/*!40000 ALTER TABLE `subcategories` DISABLE KEYS */;
INSERT INTO `subcategories` VALUES (1,'مناشير كهربائية',2),(2,'مثاقب كهربائية',2),(7,'مفاتيح الربط',8),(8,'مفاتيح أنابيب',10),(11,'خزانات المياه',14),(12,'ملحقات الأجهزة المنزلية',15),(13,'أجهزة لحام كهربائية',2),(14,'غسالات ضغط كهربائية',2),(15,'أنابيب النحاس',16),(16,'حنفيات الغاز',16),(17,'فرش تنظيف',8),(18,'انبوب مياه',17);
/*!40000 ALTER TABLE `subcategories` ENABLE KEYS */;
UNLOCK TABLES;

--
-- Table structure for table `tags`
--

DROP TABLE IF EXISTS `tags`;
/*!40101 SET @saved_cs_client     = @@character_set_client */;
/*!50503 SET character_set_client = utf8mb4 */;
CREATE TABLE `tags` (
  `id` int NOT NULL AUTO_INCREMENT,
  `name` varchar(100) NOT NULL,
  PRIMARY KEY (`id`)
) ENGINE=InnoDB AUTO_INCREMENT=34 DEFAULT CHARSET=utf8mb4 COLLATE=utf8mb4_0900_ai_ci;
/*!40101 SET character_set_client = @saved_cs_client */;

--
-- Dumping data for table `tags`
--

LOCK TABLES `tags` WRITE;
/*!40000 ALTER TABLE `tags` DISABLE KEYS */;
INSERT INTO `tags` VALUES (2,'مانع تسرب'),(4,'يدوي'),(6,'معدات ثقيلة'),(19,'بنية متينة'),(30,'kirbyWtchingYou'),(32,'tag1'),(33,'terewr');
/*!40000 ALTER TABLE `tags` ENABLE KEYS */;
UNLOCK TABLES;

--
-- Table structure for table `users`
--

DROP TABLE IF EXISTS `users`;
/*!40101 SET @saved_cs_client     = @@character_set_client */;
/*!50503 SET character_set_client = utf8mb4 */;
CREATE TABLE `users` (
  `id` int NOT NULL AUTO_INCREMENT,
  `username` varchar(100) DEFAULT NULL,
  `email` varchar(100) DEFAULT NULL,
  `password` varchar(255) DEFAULT NULL,
  `role` enum('client','admin') DEFAULT 'client',
  PRIMARY KEY (`id`),
  UNIQUE KEY `email` (`email`)
) ENGINE=InnoDB AUTO_INCREMENT=5 DEFAULT CHARSET=utf8mb4 COLLATE=utf8mb4_0900_ai_ci;
/*!40101 SET character_set_client = @saved_cs_client */;

--
-- Dumping data for table `users`
--

LOCK TABLES `users` WRITE;
/*!40000 ALTER TABLE `users` DISABLE KEYS */;
INSERT INTO `users` VALUES (4,'soce','kadriyacine93@gmail.com','$2a$10$OWs9nst7YcbBnadzlUzL0OdLjBJyGVIoAfHJnhzXFHj8U6iq7s50.','admin');
/*!40000 ALTER TABLE `users` ENABLE KEYS */;
UNLOCK TABLES;

--
-- Table structure for table `wilayas`
--

DROP TABLE IF EXISTS `wilayas`;
/*!40101 SET @saved_cs_client     = @@character_set_client */;
/*!50503 SET character_set_client = utf8mb4 */;
CREATE TABLE `wilayas` (
  `id` int NOT NULL AUTO_INCREMENT,
  `name` varchar(100) NOT NULL,
  `delivery_fee` decimal(10,2) NOT NULL DEFAULT '0.00',
  PRIMARY KEY (`id`)
) ENGINE=InnoDB AUTO_INCREMENT=60 DEFAULT CHARSET=utf8mb4 COLLATE=utf8mb4_0900_ai_ci;
/*!40101 SET character_set_client = @saved_cs_client */;

--
-- Dumping data for table `wilayas`
--

LOCK TABLES `wilayas` WRITE;
/*!40000 ALTER TABLE `wilayas` DISABLE KEYS */;
INSERT INTO `wilayas` VALUES (1,'أدرار',3500.00),(2,'الشلف',2500.00),(3,'الأغواط',3200.00),(4,'أم البواقي',2000.00),(5,'باتنة',0.00),(6,'بجاية',0.00),(7,'بسكرة',0.00),(8,'بشار',0.00),(9,'البليدة',1000.00),(10,'البويرة',0.00),(11,'تمنراست',0.00),(12,'تبسة',0.00),(13,'تلمسان',0.00),(14,'تيارت',0.00),(15,'تيزي وزو',500.00),(16,'الجزائر',300.00),(17,'الجلفة',0.00),(18,'جيجل',0.00),(19,'سطيف',0.00),(20,'سعيدة',0.00),(21,'سكيكدة',0.00),(22,'سيدي بلعباس',0.00),(23,'عنابة',0.00),(24,'قالمة',0.00),(25,'قسنطينة',0.00),(26,'المدية',0.00),(27,'مستغانم',0.00),(28,'مستغانم',0.00),(29,'معسكر',0.00),(30,'ورقلة',0.00),(31,'وهران',0.00),(32,'البيض',0.00),(33,'إليزي',0.00),(34,'برج بوعريريج',0.00),(35,'بومرداس',600.00),(36,'الطارف',0.00),(37,'تندوف',0.00),(38,'تيسمسيلت',0.00),(39,'الوادي',0.00),(40,'خنشلة',0.00),(41,'سوق أهراس',0.00),(42,'تيبازة',550.00),(43,'ميلة',0.00),(44,'عين الدفلى',0.00),(45,'النعامة',0.00),(46,'عين تموشنت',0.00),(47,'غرداية',0.00),(48,'غليزان',0.00),(49,'المغير',0.00),(50,'المنيعة',0.00),(51,'أولاد جلال',0.00),(52,'برج باجي مختار',0.00),(53,'بني عباس',0.00),(54,'تيميمون',0.00),(55,'تقرت',0.00),(56,'جانت',0.00),(57,'عين صالح',4000.00),(58,'عين قزام',0.00);
/*!40000 ALTER TABLE `wilayas` ENABLE KEYS */;
UNLOCK TABLES;
/*!40103 SET TIME_ZONE=@OLD_TIME_ZONE */;

/*!40101 SET SQL_MODE=@OLD_SQL_MODE */;
/*!40014 SET FOREIGN_KEY_CHECKS=@OLD_FOREIGN_KEY_CHECKS */;
/*!40014 SET UNIQUE_CHECKS=@OLD_UNIQUE_CHECKS */;
/*!40101 SET CHARACTER_SET_CLIENT=@OLD_CHARACTER_SET_CLIENT */;
/*!40101 SET CHARACTER_SET_RESULTS=@OLD_CHARACTER_SET_RESULTS */;
/*!40101 SET COLLATION_CONNECTION=@OLD_COLLATION_CONNECTION */;
/*!40111 SET SQL_NOTES=@OLD_SQL_NOTES */;

-- Dump completed on 2026-07-03  0:12:08
